sina_code,name,tag,amount,today_pct,turnover,open_pct,price,risk_level,risk_msg,trigger_next,risk_rule,deviation_val_10d,deviation_val_30d,call_auction_ratio,limit_up_type,pct_10,link_dragon,vol,vol_prev,vol_ratio,code
sz300308,中际旭创,★人气/成交,22201000000.0,-2.06,3.49,-3.28,583.2,🟢 Safe,-,-,,0.0,0.0,0,0,-8.07,,0,0,0,300308
sz002195,岩山科技,F佬/岩山科技(脑机/AIGC/AI)/★人气/成交,21959000000.0,-0.29,37.28,-0.39,10.35,🟢 Safe,-,-,,0.0,0.0,0,0,50.66,,0,0,0,002195
sz300058,蓝色光标,★人气/成交/首板/[换手板],18481000000.0,14.08,32.68,-1.79,17.18,高危,88.82%,次日 +5.76%,10日偏离值100%,88.82,0.0,0,0,98.61,,0,0,0,300058
sz002202,金风科技,F佬/金风科技(风电/商业航天/核电)/🐉龙虎榜/💰中山东路(3.6亿)/💰知春路(540万)/💰养家(3.6亿)/💰作手新一(4.2亿)/💰北向(3.3亿)/💰消闲派(2.6亿)/🏃北向(4.4亿)/🏃机构(3.3亿)/🏃消闲派(377万)/🏃养家(699万)/🏃作手新一(1.9亿)/🏃中山东路(699万)/🏃知春路(2.1亿)/★人气/成交/4板/[一字],17893000000.0,9.99,16.74,9.99,31.94,🟢 Safe,-,-,,0.0,0.0,0,0,83.25,,0,0,0,002202
sz300502,新易盛,★人气/成交,16688000000.0,-2.95,4.78,-3.25,398.22,🟢 Safe,-,-,,0.0,0.0,0,0,-12.19,,0,0,0,300502
sz300136,信维通信,★人气/成交,16369999999.999998,-1.38,25.73,2.31,75.15,🟢 Safe,-,-,,0.0,0.0,0,0,68.01,,0,0,0,300136
sh600118,中国卫星,★人气/成交/卫星,16321000000.0,3.97,13.11,1.75,106.05,🟢 Safe,-,-,,0.0,0.0,0,0,60.39,,0,0,0,600118
sz000547,航天发展,★人气/成交/航天,16010000000.0,2.58,27.09,-0.33,37.78,极高危,198.20%,次日 +0.58%,30日偏离值200%,0.0,198.2,0,0,51.54,,0,0,0,000547
sz002050,三花智控,★人气/成交,15843000000.0,5.09,7.6,-0.29,57.14,🟢 Safe,-,-,,0.0,0.0,0,0,26.75,,0,0,0,002050
sz300750,宁德时代,★人气/成交,11681000000.0,0.01,0.74,-0.01,369.23,🟢 Safe,-,-,,0.0,0.0,0,0,-1.7,,0,0,0,300750
sz300433,蓝思科技,★人气/成交/首板/[换手板],11443000000.0,14.13,6.17,-0.59,38.69,🟢 Safe,-,-,,0.0,0.0,0,0,33.51,,0,0,0,300433
sz300476,胜宏科技,★人气/成交,11278000000.0,-0.3,4.53,-1.59,294.8,🟢 Safe,-,-,,0.0,0.0,0,0,-4.68,,0,0,0,300476
sz002413,雷科防务,🐉龙虎榜/💰北向(7.1亿)/💰消闲派(1.6亿)/💰机构(3.1亿)/💰六一中路(540万)/🏃北向(4.5亿)/🏃消闲派(3523万)/🏃六一中路(8311万)/🏃机构(6707万)/★人气/成交,10818000000.0,3.45,47.74,-2.09,18.3,高危,89.49%,次日 +5.41%,10日偏离值100%,89.49,0.0,0,0,104.47,,0,0,0,002413
sz002465,海格通信,F佬/海格通信(商业航天/脑机)/★人气/成交,10745000000.0,-1.53,20.73,7.63,20.0,🟢 Safe,-,-,,0.0,0.0,0,0,48.37,,0,0,0,002465
sz300418,昆仑万维,🐉龙虎榜/💰机构(2.9亿)/💰北向(6.1亿)/🏃北向(4.2亿)/🏃机构(1.0亿)/★人气/成交/1板/[换手板]/AI/短剧/智能体,10289000000.0,19.99,16.37,-0.58,54.02,🟢 Safe,-,-,,0.0,0.0,0,0,35.83,,0,0,0,300418
sz300274,阳光电源,★人气/成交,10151000000.0,-1.11,3.78,-0.92,169.05,🟢 Safe,-,-,,0.0,0.0,0,0,1.91,,0,0,0,300274
sz002639,雪人集团,🐉龙虎榜/💰北向(5.1亿)/💰消闲派(92万)/💰机构(1.3亿)/💰知春路(724万)/🏃北向(4.3亿)/🏃知春路(1.7亿)/🏃消闲派(3.2亿)/🏃机构(1.0亿)/★人气/成交,9341000000.0,1.7,57.82,5.88,24.57,🟢 Safe,-,-,,0.0,0.0,0,0,26.45,,0,0,0,002639
sz300102,乾照光电,🐉龙虎榜/💰北向/3日(4.7亿)/💰北向(2.7亿)/💰拉萨天团/3日(8349万)/💰机构/3日(2.2亿)/💰赵老哥/3日(3310万)/💰余哥/3日(6.8亿)/💰赵老哥(281万)/💰余哥(3.3亿)/💰机构(2.2亿)/🏃拉萨天团/3日(9471万)/🏃赵老哥/3日(1.9亿)/🏃余哥/3日(2.6亿)/🏃北向/3日(4.5亿)/🏃赵老哥(1.1亿)/🏃北向(2.5亿)/🏃余哥(2.2亿)/★人气/成交/2板/[换手板]/航天,8591000000.0,20.01,27.33,8.69,37.43,🟢 Safe,-,-,,0.0,0.0,0,0,60.57,,0,0,0,300102
sz002475,立讯精密,★人气/成交,8519000000.0,0.89,2.12,-0.56,55.65,🟢 Safe,-,-,,0.0,0.0,0,0,-6.14,,0,0,0,002475
sh600498,烽火通信,★人气/成交,8415000000.000001,3.81,17.11,2.67,38.93,🟢 Safe,-,-,,0.0,0.0,0,0,40.29,,0,0,0,600498
sh688041,海光信息,★人气/成交,8401000000.000001,2.02,1.49,-1.52,246.55,🟢 Safe,-,-,,0.0,0.0,0,0,12.12,,0,0,0,688041
sz300059,东方财富,★人气/成交,8234999999.999999,0.54,2.55,0.0,24.13,🟢 Safe,-,-,,0.0,0.0,0,0,4.01,,0,0,0,300059
sz300346,南大光电,★人气/成交,8214000000.0,3.53,21.82,-2.33,58.3,🟢 Safe,-,-,,0.0,0.0,0,0,26.27,,0,0,0,300346
sz300762,上海瀚讯,★人气/成交/首板/[换手板],7894000000.0,15.23,25.88,1.83,51.0,🟢 Safe,-,-,,0.0,0.0,0,0,43.3,,0,0,0,300762
sz002792,通宇通讯,F佬/通宇通讯(商业航天/中位)/★人气/成交,7873000000.0,6.05,39.1,0.0,60.78,🟢 Safe,-,-,,0.0,0.0,0,0,75.11,,0,0,0,002792
sh600089,特变电工,★人气/成交,7778000000.0,3.7,6.16,-0.08,24.94,🟢 Safe,-,-,,0.0,0.0,0,0,7.87,,0,0,0,600089
sz002230,科大讯飞,★人气/成交,7737000000.0,4.1,6.48,-0.49,55.6,🟢 Safe,-,-,,0.0,0.0,0,0,14.1,,0,0,0,002230
sz300442,润泽科技,★人气/成交/🔥焚诀/首板/👀焚诀预期/炸板/[换手板],7659999999.999999,15.7,7.0,4.01,69.2,🟢 Safe,-,-,,0.0,0.0,0,0,36.95,,0,0,0,300442
sz002565,顺灏股份,F佬/顺灏股份(商业航天/中位)/★人气/成交,7517000000.0,4.16,32.91,-2.52,22.3,极高危,196.03%,次日 +1.30%,30日偏离值200%,0.0,196.03,0,0,51.91,,0,0,0,002565
sh600105,永鼎股份,★人气/成交,7401000000.000001,7.86,17.52,-1.79,30.2,🟢 Safe,-,-,,0.0,0.0,0,0,29.39,,0,0,0,600105
sz002151,北斗星通,★人气/成交,7352000000.0,1.89,27.46,-0.99,60.82,🟢 Safe,-,-,,0.0,0.0,0,0,62.84,,0,0,0,002151
sh600111,北方稀土,★人气/成交,7136000000.0,1.44,3.98,-0.43,49.41,🟢 Safe,-,-,,0.0,0.0,0,0,8.31,,0,0,0,600111
sz300450,先导智能,★人气/成交,7098000000.0,2.44,7.85,-0.02,58.4,🟢 Safe,-,-,,0.0,0.0,0,0,17.34,,0,0,0,300450
sz000559,万向钱潮,F佬/万向钱潮(机器人/趋势)/★人气/成交/🔥焚诀/首板/👀焚诀预期/炸板/[换手板],6948999999.999999,7.24,10.67,-0.97,19.85,🟢 Safe,-,-,,0.0,0.0,0,0,62.44,,0,0,0,000559
sz000901,航天科技,★人气/成交/🔥焚诀/首板/👀焚诀预期/炸板/[换手板]/航天,6904000000.000001,6.45,26.61,5.22,32.2,🟢 Safe,-,-,,0.0,0.0,0,0,39.7,,0,0,0,000901
sh688012,中微公司,★人气/成交,6834999999.999999,-2.66,3.25,-3.89,336.68,🟢 Safe,-,-,,0.0,0.0,0,0,25.61,,0,0,0,688012
sz002324,普利特,F佬/普利特(脑机/等分歧)/★人气/成交,6794000000.0,-2.65,36.09,6.75,22.8,🟢 Safe,-,-,,0.0,0.0,0,0,58.11,,0,0,0,002324
sz300394,天孚通信,★人气/成交,6754000000.000001,1.92,4.45,-1.99,199.0,🟢 Safe,-,-,,0.0,0.0,0,0,-10.79,,0,0,0,300394
sh600030,中信证券,★人气/成交,6629000000.000001,0.11,1.91,0.0,28.57,🟢 Safe,-,-,,0.0,0.0,0,0,-0.59,,0,0,0,600030
sh688981,中芯国际,★人气/成交,6581999999.999999,-0.98,2.56,-0.77,128.88,🟢 Safe,-,-,,0.0,0.0,0,0,4.43,,0,0,0,688981
sz300170,汉得信息,★人气/成交,6431999999.999999,8.03,27.92,0.84,24.49,🟢 Safe,-,-,,0.0,0.0,0,0,42.72,,0,0,0,300170
sz000981,山子高科,★人气/成交,6373000000.0,-1.27,14.29,-1.27,4.66,🟢 Safe,-,-,,0.0,0.0,0,0,29.09,,0,0,0,000981
sz002600,领益智造,★人气/成交,6325000000.0,1.4,5.29,-0.73,16.66,🟢 Safe,-,-,,0.0,0.0,0,0,4.13,,0,0,0,002600
sh600151,航天机电,★人气/成交/航天,6226000000.0,1.82,20.46,5.65,20.72,🟢 Safe,-,-,,0.0,0.0,0,0,30.31,,0,0,0,600151
sz301171,易点天下,🐉龙虎榜/💰机构(1.1亿)/💰北向(2.9亿)/💰拉萨天团(2711万)/🏃机构(5827万)/🏃拉萨天团(4930万)/🏃北向(2.5亿)/★人气/成交/1板/[换手板]/AI/智能体,6137000000.0,20.0,31.68,0.8,52.69,🟢 Safe,-,-,,0.0,0.0,0,0,53.97,,0,0,0,301171
sz300065,海兰信,★人气/成交,6122000000.0,2.36,39.49,9.38,23.03,🟢 Safe,-,-,,0.0,0.0,0,0,29.67,,0,0,0,300065
sz002173,创新医疗,F佬/创新医疗(脑机/龙头/等分歧)/🐉龙虎榜/💰拉萨天团(4977万)/💰机构(1.1亿)/💰北向(4.4亿)/🏃机构(586万)/🏃北向(1.5亿)/🏃拉萨天团(3262万)/★人气/成交/🔥焚诀/爆量/5板/👀焚诀预期/炸板/[换手板],6066000000.0,10.0,42.68,4.8,34.64,🟢 Safe,-,-,,0.0,0.0,0,0,59.34,,0,0,0,002173
sz000063,中兴通讯,★人气/成交,6000000000.0,0.6,3.72,-0.15,40.23,🟢 Safe,-,-,,0.0,0.0,0,0,5.12,,0,0,0,000063
sz000988,华工科技,★人气/成交,5999000000.0,0.89,7.28,-0.91,83.03,🟢 Safe,-,-,,0.0,0.0,0,0,3.13,,0,0,0,000988
sh600143,金发科技,★人气/成交/1板/[换手板]/航天/机器人,5948000000.0,9.99,10.94,1.63,20.92,🟢 Safe,-,-,,0.0,0.0,0,0,13.39,,0,0,0,600143
sh600410,华胜天成,★人气/成交/1板/[换手板]/AI/算力/军工,5947000000.0,10.01,26.67,-1.35,21.22,🟢 Safe,-,-,,0.0,0.0,0,0,23.59,,0,0,0,600410
sz000592,平潭发展,★人气/成交,5664000000.0,-2.22,19.5,-1.96,14.97,🟢 Safe,-,-,,0.0,0.0,0,0,10.97,,0,0,0,000592
sz300475,香农芯创,★人气/成交,5645000000.0,-2.37,7.71,-2.03,165.0,🟢 Safe,-,-,,0.0,0.0,0,0,10.78,,0,0,0,300475
sh600435,北方导航,★人气/成交,5610000000.0,-1.85,17.59,-2.42,20.68,🟢 Safe,-,-,,0.0,0.0,0,0,43.51,,0,0,0,600435
sz300115,长盈精密,★人气/成交,5471000000.0,0.34,8.94,-0.54,44.48,🟢 Safe,-,-,,0.0,0.0,0,0,19.92,,0,0,0,300115
sz300751,迈为股份,★人气/成交,5423000000.0,-3.13,13.06,1.14,206.15,🟢 Safe,-,-,,0.0,0.0,0,0,23.38,,0,0,0,300751
sz002371,北方华创,★人气/成交,5402000000.0,-1.81,1.5,-0.72,497.5,🟢 Safe,-,-,,0.0,0.0,0,0,3.41,,0,0,0,002371
sh688122,西部超导,★人气/成交/首板/[换手板],5307000000.0,11.32,9.07,0.6,92.95,🟢 Safe,-,-,,0.0,0.0,0,0,26.6,,0,0,0,688122
sz002025,航天电器,★人气/成交/航天,5267000000.0,4.4,17.47,6.37,65.76,🟢 Safe,-,-,,0.0,0.0,0,0,43.14,,0,0,0,002025
sh600372,中航机载,★人气/成交,5191000000.0,0.65,6.8,4.93,15.51,🟢 Safe,-,-,,0.0,0.0,0,0,19.58,,0,0,0,600372
sz002131,利欧股份,持仓/利欧股份/🐉龙虎榜/💰六一中路(9120万)/💰北向(3.1亿)/💰机构(1.1亿)/💰中山东路(2.0亿)/💰养家(2.0亿)/💰拉萨天团(5746万)/🏃六一中路(37万)/🏃拉萨天团(1.5亿)/🏃中山东路(44万)/🏃机构(241万)/🏃北向(1.1亿)/🏃养家(44万)/★人气/成交/1板/[换手板]/AI,5151000000.0,10.03,11.98,0.44,7.46,🟢 Safe,-,-,,0.0,0.0,0,0,42.37,,0,0,0,002131
sz002361,神剑股份,★人气/成交,5118000000.0,-1.58,39.51,0.95,15.6,🟢 Safe,-,-,,0.0,0.0,0,0,43.38,,0,0,0,002361
sz002837,英维克,★人气/成交,5087000000.0,0.62,5.88,-0.44,102.19,🟢 Safe,-,-,,0.0,0.0,0,0,-8.08,,0,0,0,002837
sh603259,药明康德,★人气/成交,5039000000.0,0.93,2.05,0.52,99.08,🟢 Safe,-,-,,0.0,0.0,0,0,9.09,,0,0,0,603259
sz002149,西部材料,★人气/成交,4942000000.0,2.39,20.42,-1.07,50.58,极高危,196.17%,次日 +1.25%,30日偏离值200%,0.0,196.17,0,0,20.43,,0,0,0,002149
sz000977,浪潮信息,★人气/成交,4922000000.0,2.65,4.91,-0.73,68.9,🟢 Safe,-,-,,0.0,0.0,0,0,3.61,,0,0,0,000977
sz002179,中航光电,★人气/成交,4877000000.0,1.01,5.93,0.83,38.89,🟢 Safe,-,-,,0.0,0.0,0,0,15.23,,0,0,0,002179
sz002261,拓维信息,★人气/成交,4871000000.0,2.69,12.28,-1.78,35.1,🟢 Safe,-,-,,0.0,0.0,0,0,15.01,,0,0,0,002261
sz300118,东方日升,★人气/成交,4833000000.0,-2.41,29.3,0.52,16.98,🟢 Safe,-,-,,0.0,0.0,0,0,20.6,,0,0,0,300118
sz300342,天银机电,★人气/成交,4785000000.0,8.92,30.67,-0.22,39.3,🟢 Safe,-,-,,0.0,0.0,0,0,27.68,,0,0,0,300342
sz000725,京东方Ａ,★人气/成交,4769000000.0,1.38,2.92,-0.23,4.41,🟢 Safe,-,-,,0.0,0.0,0,0,8.62,,0,0,0,000725
sh688008,澜起科技,★人气/成交,4698000000.0,0.23,3.11,-0.82,132.38,🟢 Safe,-,-,,0.0,0.0,0,0,8.69,,0,0,0,688008
sz002463,沪电股份,★人气/成交,4648000000.0,-1.73,3.47,-1.5,70.0,🟢 Safe,-,-,,0.0,0.0,0,0,-4.38,,0,0,0,002463
sz301293,三博脑科,★人气/成交,4546000000.0,-6.86,30.04,-4.94,92.1,🟢 Safe,-,-,,0.0,0.0,0,0,63.07,,0,0,0,301293
sz300503,昊志机电,★人气/成交,4541000000.0,6.76,28.61,3.75,64.91,🟢 Safe,-,-,,0.0,0.0,0,0,79.41,,0,0,0,300503
sz300033,同花顺,★人气/成交,4521000000.0,2.38,4.64,-0.31,355.6,🟢 Safe,-,-,,0.0,0.0,0,0,11.82,,0,0,0,300033
sh600343,航天动力,★人气/成交/航天,4478000000.0,-1.96,14.69,0.0,46.4,🟢 Safe,-,-,,0.0,0.0,0,0,11.0,,0,0,0,600343
sz300604,长川科技,★人气/成交,4452000000.0,-0.04,7.45,-2.15,123.6,🟢 Safe,-,-,,0.0,0.0,0,0,25.11,,0,0,0,300604
sz001208,华菱线缆,🐉龙虎榜/💰拉萨天团(8443万)/💰北向(4548万)/💰机构(1035万)/🏃北向(8757万)/🏃机构(6381万)/🏃拉萨天团(7801万)/★人气/成交/🔥焚诀/首板/👀焚诀预期/炸板/[一字],4438000000.0,2.08,56.2,10.0,29.0,🟢 Safe,-,-,,0.0,0.0,0,0,37.77,,0,0,0,001208
sz002400,省广集团,🐉龙虎榜/💰机构(8916万)/💰北向(2.3亿)/🏃机构(1.6亿)/🏃北向(1.8亿)/★人气/成交/1板/[换手板]/AI,4409000000.0,9.97,25.22,0.0,10.37,🟢 Safe,-,-,,0.0,0.0,0,0,27.25,,0,0,0,002400
sz300409,道氏技术,★人气/成交,4373000000.0,-5.33,21.96,-3.84,29.12,🟢 Safe,-,-,,0.0,0.0,0,0,29.65,,0,0,0,300409
sz002156,通富微电,★人气/成交,4351000000.0,4.58,6.85,0.55,41.83,🟢 Safe,-,-,,0.0,0.0,0,0,10.87,,0,0,0,002156
sz300045,华力创通,★人气/成交,4314000000.0,6.93,27.55,0.14,31.18,🟢 Safe,-,-,,0.0,0.0,0,0,21.99,,0,0,0,300045
sh600028,中国石化,★人气/成交,4286000000.0,1.48,0.73,10.05,6.16,🟢 Safe,-,-,,0.0,0.0,0,0,4.23,,0,0,0,600028
sz002759,天际股份,★人气/成交,4251000000.0,-1.64,18.21,-2.07,46.13,🟢 Safe,-,-,,0.0,0.0,0,0,9.52,,0,0,0,002759
sh600519,贵州茅台,★人气/成交,4244000000.0,0.48,0.24,0.33,1419.1,🟢 Safe,-,-,,0.0,0.0,0,0,1.3,,0,0,0,600519
sz300748,金力永磁,★人气/成交,4211999999.9999995,6.48,9.87,2.56,37.8,🟢 Safe,-,-,,0.0,0.0,0,0,11.77,,0,0,0,300748
sz002241,歌尔股份,★人气/成交,4199000000.0,2.19,4.5,-0.68,29.92,🟢 Safe,-,-,,0.0,0.0,0,0,3.21,,0,0,0,002241
sh600362,江西铜业,★人气/成交,4135000000.0,2.67,3.53,-1.53,56.5,🟢 Safe,-,-,,0.0,0.0,0,0,31.09,,0,0,0,600362
sz002428,云南锗业,🐉龙虎榜/💰机构(3617万)/💰机构/3日(1.7亿)/💰北向/3日(8.7亿)/💰北向(3.6亿)/🏃机构/3日(1.6亿)/🏃北向(1.6亿)/🏃机构(4735万)/🏃北向/3日(9.3亿)/★人气/成交/1板/[换手板]/航天/军工,4126000000.0,10.01,16.45,0.11,38.92,🟢 Safe,-,-,,0.0,0.0,0,0,28.24,,0,0,0,002428
sz002625,光启技术,★人气/成交/1板/[换手板]/航天/军工,4122999999.9999995,10.01,3.52,0.02,55.41,🟢 Safe,-,-,,0.0,0.0,0,0,9.2,,0,0,0,002625
sz300223,北京君正,★人气/成交,4114000000.0,-2.7,8.28,-0.02,117.75,🟢 Safe,-,-,,0.0,0.0,0,0,9.85,,0,0,0,300223
sh600036,招商银行,★人气/成交,4070000000.0000005,-0.67,0.48,-0.1,41.3,🟢 Safe,-,-,,0.0,0.0,0,0,-1.27,,0,0,0,600036
sz000100,TCL科技,★人气/成交,4058000000.0,2.59,4.7,0.0,4.76,🟢 Safe,-,-,,0.0,0.0,0,0,5.08,,0,0,0,000100
sz300053,航宇微,★人气/成交,4018000000.0,8.87,28.72,3.66,21.72,🟢 Safe,-,-,,0.0,0.0,0,0,27.61,,0,0,0,300053
sz300129,泰胜风能,★人气/成交,3965999999.9999995,9.79,35.29,19.94,15.36,🟢 Safe,-,-,,0.0,0.0,0,0,72.0,,0,0,0,300129
sz300456,赛微电子,★人气/成交,3946000000.0,0.68,12.54,-1.42,53.11,🟢 Safe,-,-,,0.0,0.0,0,0,-12.93,,0,0,0,300456
sz300699,光威复材,★人气/成交,3940999999.9999995,4.22,11.36,1.71,42.76,🟢 Safe,-,-,,0.0,0.0,0,0,36.27,,0,0,0,300699
sz301308,江波龙,★人气/成交,3911000000.0,-2.24,5.16,-2.64,277.55,🟢 Safe,-,-,,0.0,0.0,0,0,8.66,,0,0,0,301308
sz002544,普天科技,★人气/成交,3821000000.0,-0.08,14.57,-0.99,38.39,🟢 Safe,-,-,,0.0,0.0,0,0,21.49,,0,0,0,002544
sz300803,指南针,★人气/成交,3808000000.0,0.4,4.57,-1.0,139.06,🟢 Safe,-,-,,0.0,0.0,0,0,4.42,,0,0,0,300803
sz002389,航天彩虹,★人气/成交/🔥焚诀/爆量/首板/👀焚诀预期/炸板/[换手板]/航天,3800000000.0,6.61,14.11,1.91,27.41,🟢 Safe,-,-,,0.0,0.0,0,0,19.43,,0,0,0,002389
sz002602,世纪华通,★人气/成交,3760000000.0,3.78,2.84,0.0,19.78,🟢 Safe,-,-,,0.0,0.0,0,0,16.28,,0,0,0,002602
sz000768,中航西飞,★人气/成交,3758000000.0,0.57,4.5,0.67,29.97,🟢 Safe,-,-,,0.0,0.0,0,0,20.65,,0,0,0,000768
sz300900,广联航空,★人气/成交,3711999999.9999995,-4.55,38.72,1.26,41.52,🟢 Safe,-,-,,0.0,0.0,0,0,59.63,,0,0,0,300900
sz301005,超捷股份,★人气/成交,3665999999.9999995,2.89,15.86,2.44,177.78,🟢 Safe,-,-,,0.0,0.0,0,0,58.11,,0,0,0,301005
sz300322,硕贝德,★人气/成交,3653000000.0,-0.57,26.76,-2.21,31.52,🟢 Safe,-,-,,0.0,0.0,0,0,21.14,,0,0,0,300322
sz300364,中文在线,★人气/成交,3610000000.0,8.49,19.46,-1.34,29.15,🟢 Safe,-,-,,0.0,0.0,0,0,22.53,,0,0,0,300364
sh600501,航天晨光,🐉龙虎榜/💰北向/3日(1.4亿)/★人气/成交/航天,3585000000.0,6.68,24.07,-0.85,36.59,🟢 Safe,-,-,,0.0,0.0,0,0,51.57,,0,0,0,600501
sz002366,融发核电,★人气/成交,3577000000.0000005,-0.45,31.15,1.81,8.79,🟢 Safe,-,-,,0.0,0.0,0,0,20.58,,0,0,0,002366
sz300738,奥飞数据,★人气/成交/首板/[换手板],3574000000.0,10.33,16.05,2.37,22.85,🟢 Safe,-,-,,0.0,0.0,0,0,25.41,,0,0,0,300738
sh600150,中国船舶,★人气/成交,3559000000.0000005,-0.31,1.32,0.2,35.77,🟢 Safe,-,-,,0.0,0.0,0,0,7.19,,0,0,0,600150
sz300455,航天智装,★人气/成交/航天,3558000000.0,8.18,14.32,0.46,35.16,🟢 Safe,-,-,,0.0,0.0,0,0,32.03,,0,0,0,300455
sz000681,视觉中国,★人气/成交,3558000000.0,4.5,20.63,1.69,26.02,🟢 Safe,-,-,,0.0,0.0,0,0,18.38,,0,0,0,000681
sz000859,国风新材,★人气/成交,3540999999.9999995,2.24,30.02,-3.25,13.22,🟢 Safe,-,-,,0.0,0.0,0,0,25.79,,0,0,0,000859
sz300253,卫宁健康,★人气/成交/首板/[换手板],3528000000.0,13.79,18.16,5.37,10.81,🟢 Safe,-,-,,0.0,0.0,0,0,22.56,,0,0,0,300253
sz002335,科华数据,★人气/成交,3526000000.0,8.13,12.05,1.79,66.4,🟢 Safe,-,-,,0.0,0.0,0,0,16.68,,0,0,0,002335
sh600050,中国联通,★人气/成交,3521000000.0,3.24,2.12,-0.57,5.42,🟢 Safe,-,-,,0.0,0.0,0,0,5.65,,0,0,0,600050
sz002281,光迅科技,★人气/成交,3486000000.0,1.85,6.28,-0.83,72.19,🟢 Safe,-,-,,0.0,0.0,0,0,1.5,,0,0,0,002281
sz002471,中超控股,★人气/成交,3481000000.0,-2.61,30.8,-1.07,8.22,🟢 Safe,-,-,,0.0,0.0,0,0,49.73,,0,0,0,002471
sz000878,云南铜业,★人气/成交,3476000000.0,6.53,7.92,-1.3,22.18,🟢 Safe,-,-,,0.0,0.0,0,0,20.94,,0,0,0,000878
sz002703,浙江世宝,★人气/成交,3428000000.0,-5.1,22.63,-3.6,25.31,🟢 Safe,-,-,,0.0,0.0,0,0,23.95,,0,0,0,002703
sz002460,赣锋锂业,★人气/成交,3418000000.0,0.57,4.3,-0.8,65.39,🟢 Safe,-,-,,0.0,0.0,0,0,-2.1,,0,0,0,002460
sz002594,比亚迪,★人气/成交,3413000000.0000005,0.13,1.0,0.18,97.01,🟢 Safe,-,-,,0.0,0.0,0,0,2.74,,0,0,0,002594
sh688037,芯源微,★人气/成交,3402000000.0000005,-6.91,8.42,-5.06,201.0,🟢 Safe,-,-,,0.0,0.0,0,0,33.64,,0,0,0,688037
sz002709,天赐材料,★人气/成交,3344000000.0,0.09,4.98,-0.88,44.44,🟢 Safe,-,-,,0.0,0.0,0,0,2.09,,0,0,0,002709
sz300757,罗博特科,★人气/成交,3325000000.0,7.61,7.73,0.26,289.81,🟢 Safe,-,-,,0.0,0.0,0,0,20.9,,0,0,0,300757
sh600549,厦门钨业,★人气/成交/1板/[换手板],3308000000.0,10.0,4.51,-0.46,48.19,🟢 Safe,-,-,,0.0,0.0,0,0,17.45,,0,0,0,600549
sz002555,三七互娱,★人气/成交,3293000000.0,1.79,7.65,-1.72,27.29,🟢 Safe,-,-,,0.0,0.0,0,0,21.88,,0,0,0,002555
sh600438,通威股份,★人气/成交,3290999999.9999995,-3.83,3.5,-3.05,20.83,🟢 Safe,-,-,,0.0,0.0,0,0,-1.0,,0,0,0,600438
sh688111,金山办公,★人气/成交,3279000000.0,4.92,2.12,-0.16,341.5,🟢 Safe,-,-,,0.0,0.0,0,0,13.06,,0,0,0,688111
sz300548,长芯博创,★人气/成交,3270000000.0000005,-2.22,9.2,-2.73,133.7,🟢 Safe,-,-,,0.0,0.0,0,0,-13.56,,0,0,0,300548
sz002384,东山精密,★人气/成交,3268000000.0,0.43,2.93,-1.79,81.46,🟢 Safe,-,-,,0.0,0.0,0,0,-3.14,,0,0,0,002384
sz002466,天齐锂业,★人气/成交,3254999999.9999995,0.02,3.75,-1.4,58.63,🟢 Safe,-,-,,0.0,0.0,0,0,4.21,,0,0,0,002466
sh688110,东芯股份,★人气/成交,3243000000.0,-0.99,5.83,-2.9,127.47,🟢 Safe,-,-,,0.0,0.0,0,0,5.33,,0,0,0,688110
sz000792,盐湖股份,★人气/成交,3227000000.0000005,-0.6,1.95,-1.46,31.28,🟢 Safe,-,-,,0.0,0.0,0,0,9.29,,0,0,0,000792
sh688809,强一股份,🐉龙虎榜/💰机构/3日(1.5亿)/💰作手新一/3日(1.6亿)/★人气/成交/首板/[换手板],3222999999.9999995,13.62,39.07,-3.96,367.0,🟢 Safe,-,-,,0.0,0.0,0,0,0.0,,0,0,0,688809
sz002008,大族激光,★人气/成交/🔥焚诀/爆量/首板/👀焚诀预期/炸板/[换手板],3222999999.9999995,4.05,7.44,-0.28,44.4,🟢 Safe,-,-,,0.0,0.0,0,0,6.78,,0,0,0,002008
sz300857,协创数据,★人气/成交,3213000000.0000005,-2.4,5.14,-0.73,180.7,🟢 Safe,-,-,,0.0,0.0,0,0,28.39,,0,0,0,300857
sh688048,长光华芯,★人气/成交,3206000000.0,9.39,13.74,-2.08,138.59,🟢 Safe,-,-,,0.0,0.0,0,0,-1.14,,0,0,0,688048
sz002115,三维通信,持仓/三维通信/★人气/成交/1板/[换手板]/AI/卫星,3142000000.0,10.01,30.16,-0.07,14.72,🟢 Safe,-,-,,0.0,0.0,0,0,30.61,,0,0,0,002115
sz000831,中国稀土,★人气/成交,3074000000.0,3.96,5.61,-0.12,52.04,🟢 Safe,-,-,,0.0,0.0,0,0,14.02,,0,0,0,000831
sh688102,斯瑞新材,★人气/成交,3059000000.0,1.08,8.79,3.17,46.81,🟢 Safe,-,-,,0.0,0.0,0,0,29.67,,0,0,0,688102
sz000630,铜陵有色,★人气/成交,3055000000.0,3.68,4.67,-0.53,5.91,🟢 Safe,-,-,,0.0,0.0,0,0,6.3,,0,0,0,000630
sz000917,电广传媒,★人气/成交/1板/[换手板]/AI,3050000000.0,10.04,18.13,5.93,12.06,🟢 Safe,-,-,,0.0,0.0,0,0,20.36,,0,0,0,000917
sz001280,中国铀业,★人气/成交,3015000000.0,7.27,28.54,-0.58,68.46,🟢 Safe,-,-,,0.0,0.0,0,0,8.79,,0,0,0,001280
sh688795,摩尔线程-U,★人气/成交,3012000000.0,-1.45,15.6,-2.08,664.25,🟢 Safe,-,-,,0.0,0.0,0,0,4.77,,0,0,0,688795
sz300395,菲利华,★人气/成交,3009000000.0,1.04,6.17,-0.03,95.63,🟢 Safe,-,-,,0.0,0.0,0,0,-12.23,,0,0,0,300395
sh600183,生益科技,★人气/成交,3002000000.0,-1.15,1.8,-2.02,70.62,🟢 Safe,-,-,,0.0,0.0,0,0,-2.73,,0,0,0,600183
sz300337,银邦股份,★人气/成交,2992000000.0,-1.48,22.23,0.85,18.62,🟢 Safe,-,-,,0.0,0.0,0,0,42.68,,0,0,0,300337
sz002757,南兴股份,F佬/南兴股份(AI智能体)/🐉龙虎榜/💰拉萨天团(7593万)/💰北向(3263万)/💰机构(1759万)/💰中山东路(22万)/💰养家(22万)/🏃养家(6029万)/🏃中山东路(6029万)/🏃机构(3895万)/🏃拉萨天团(5263万)/🏃北向(2870万)/★人气/成交/🔥焚诀/爆量/首板/👀焚诀预期/炸板/[换手板],2988000000.0,5.17,43.49,-3.24,25.0,🟢 Safe,-,-,,0.0,0.0,0,0,57.73,,0,0,0,002757
sz300014,亿纬锂能,★人气/成交,2979000000.0,0.35,2.15,0.0,69.24,🟢 Safe,-,-,,0.0,0.0,0,0,-2.64,,0,0,0,300014
sz000657,中钨高新,★人气/成交,2964000000.0,6.03,6.3,0.0,32.89,🟢 Safe,-,-,,0.0,0.0,0,0,11.83,,0,0,0,000657
sz000426,兴业银锡,★人气/成交,2961000000.0,3.3,4.0,-0.86,42.27,🟢 Safe,-,-,,0.0,0.0,0,0,17.09,,0,0,0,000426
sh600266,城建发展,★人气/成交,2953000000.0,1.04,20.62,5.63,6.82,🟢 Safe,-,-,,0.0,0.0,0,0,53.26,,0,0,0,600266
sh600271,航天信息,★人气/成交/航天,2949000000.0,2.39,12.36,-0.24,12.86,🟢 Safe,-,-,,0.0,0.0,0,0,28.47,,0,0,0,600271
sz300459,汤姆猫,★人气/成交,2938000000.0,5.26,16.97,-1.17,5.4,🟢 Safe,-,-,,0.0,0.0,0,0,21.08,,0,0,0,300459
sz002255,海陆重工,★人气/成交/🔥焚诀/爆量/首板/👀焚诀预期/炸板/[换手板],2913000000.0,7.8,31.55,1.53,14.78,🟢 Safe,-,-,,0.0,0.0,0,0,16.56,,0,0,0,002255
sz002340,格林美,★人气/成交,2910000000.0,-0.11,6.53,-0.91,8.77,🟢 Safe,-,-,,0.0,0.0,0,0,9.35,,0,0,0,002340
sz002177,御银股份,★人气/成交/🔥焚诀/爆量/首板/👀焚诀预期/炸板/[换手板],2866000000.0,6.97,45.68,-1.03,9.36,🟢 Safe,-,-,,0.0,0.0,0,0,35.85,,0,0,0,002177
sz300383,光环新网,★人气/成交,2864000000.0,6.03,10.59,2.17,15.13,🟢 Safe,-,-,,0.0,0.0,0,0,21.92,,0,0,0,300383
sz002407,多氟多,★人气/成交,2843000000.0,0.09,7.98,-1.52,32.93,🟢 Safe,-,-,,0.0,0.0,0,0,-3.6,,0,0,0,002407
sh688766,普冉股份,★人气/成交,2830000000.0,-5.94,10.7,-3.17,177.77,🟢 Safe,-,-,,0.0,0.0,0,0,38.83,,0,0,0,688766
sz002364,中恒电气,★人气/成交/🔥焚诀/爆量/首板/👀焚诀预期/炸板/[换手板],2808000000.0,8.03,16.25,2.43,31.62,🟢 Safe,-,-,,0.0,0.0,0,0,14.28,,0,0,0,002364
sz300446,航天智造,★人气/成交/航天,2765000000.0,4.37,25.89,0.36,28.66,🟢 Safe,-,-,,0.0,0.0,0,0,14.5,,0,0,0,300446
sz300063,天龙集团,🐉龙虎榜/💰北向/3日(1.2亿)/💰北向(1.2亿)/💰机构(4930万)/💰机构/3日(4930万)/🏃机构/3日(2089万)/🏃北向/3日(8816万)/🏃机构(2089万)/🏃北向(8816万)/★人气/成交/1板/[换手板]/AI,2759000000.0,20.02,42.29,-0.33,10.85,🟢 Safe,-,-,,0.0,0.0,0,0,33.79,,0,0,0,300063
sz000969,安泰科技,★人气/成交/1板/[换手板]/航天,2746000000.0,10.0,10.75,3.06,25.19,🟢 Safe,-,-,,0.0,0.0,0,0,24.58,,0,0,0,000969
sz002222,福晶科技,★人气/成交,2737000000.0,4.63,8.91,-3.99,69.41,🟢 Safe,-,-,,0.0,0.0,0,0,17.39,,0,0,0,002222
sz000333,美的集团,★人气/成交,2719000000.0,0.94,0.5,0.72,79.77,🟢 Safe,-,-,,0.0,0.0,0,0,1.23,,0,0,0,000333
sh600276,恒瑞医药,★人气/成交,2710000000.0,0.28,0.67,-0.03,63.78,🟢 Safe,-,-,,0.0,0.0,0,0,4.16,,0,0,0,600276
sz300724,捷佳伟创,★人气/成交,2705000000.0,-0.78,9.12,-1.11,103.35,🟢 Safe,-,-,,0.0,0.0,0,0,9.97,,0,0,0,300724
sh688066,航天宏图,★人气/成交/航天,2684000000.0,8.9,25.12,4.93,41.5,🟢 Safe,-,-,,0.0,0.0,0,0,49.28,,0,0,0,688066
sz000021,深科技,★人气/成交,2683000000.0,0.11,6.35,-1.35,26.79,🟢 Safe,-,-,,0.0,0.0,0,0,7.46,,0,0,0,000021
sz300620,光库科技,★人气/成交,2668000000.0,2.35,7.22,-0.72,152.96,🟢 Safe,-,-,,0.0,0.0,0,0,-2.83,,0,0,0,300620
sh600309,万华化学,★人气/成交,2644000000.0,-0.43,1.07,0.39,79.35,🟢 Safe,-,-,,0.0,0.0,0,0,2.96,,0,0,0,600309
sz002171,楚江新材,★人气/成交,2631000000.0,1.35,11.37,0.21,14.22,🟢 Safe,-,-,,0.0,0.0,0,0,13.85,,0,0,0,002171
sz301050,雷电微力,★人气/成交,2631000000.0,7.88,20.17,0.91,62.56,🟢 Safe,-,-,,0.0,0.0,0,0,29.12,,0,0,0,301050
sh603179,新泉股份,★人气/成交/1板/[换手板]/机器人,2630000000.0,10.0,6.35,0.01,85.83,🟢 Safe,-,-,,0.0,0.0,0,0,34.74,,0,0,0,603179
sz300124,汇川技术,★人气/成交,2588000000.0,0.93,1.39,-0.15,78.3,🟢 Safe,-,-,,0.0,0.0,0,0,8.21,,0,0,0,300124
sz300747,锐科激光,★人气/成交,2588000000.0,5.97,14.81,7.88,33.91,🟢 Safe,-,-,,0.0,0.0,0,0,26.48,,0,0,0,300747
sz300285,国瓷材料,★人气/成交/首板/[换手板],2582000000.0,14.93,9.62,0.44,33.88,🟢 Safe,-,-,,0.0,0.0,0,0,19.46,,0,0,0,300285
sh603083,剑桥科技,★人气/成交,2580000000.0,-0.15,7.69,-2.95,123.68,🟢 Safe,-,-,,0.0,0.0,0,0,-4.21,,0,0,0,603083
sz300672,国科微,★人气/成交,2564000000.0,2.55,10.31,1.59,117.91,🟢 Safe,-,-,,0.0,0.0,0,0,12.66,,0,0,0,300672
sz001309,德明利,★人气/成交,2555000000.0,-1.98,6.79,-1.31,235.05,🟢 Safe,-,-,,0.0,0.0,0,0,6.36,,0,0,0,001309
sz002326,永太科技,★人气/成交,2551000000.0,4.65,12.08,-0.16,26.09,🟢 Safe,-,-,,0.0,0.0,0,0,5.33,,0,0,0,002326
sh600418,江淮汽车,★人气/成交,2542000000.0,1.16,2.32,-0.34,50.53,🟢 Safe,-,-,,0.0,0.0,0,0,3.44,,0,0,0,600418
sz300773,拉卡拉,★人气/成交,2541000000.0,3.91,12.58,-0.79,27.66,🟢 Safe,-,-,,0.0,0.0,0,0,22.12,,0,0,0,300773
sz002163,海南发展,★人气/成交,2518000000.0,-1.14,15.48,0.25,19.93,🟢 Safe,-,-,,0.0,0.0,0,0,3.0,,0,0,0,002163
sz002402,和而泰,★人气/成交,2507000000.0,2.22,7.81,-0.1,40.07,🟢 Safe,-,-,,0.0,0.0,0,0,2.53,,0,0,0,002402
sh605358,立昂微,★人气/成交,2499000000.0,2.51,8.71,0.99,42.55,🟢 Safe,-,-,,0.0,0.0,0,0,14.04,,0,0,0,605358
sz300766,每日互动,★人气/成交,2495000000.0,6.24,18.39,-0.33,38.84,🟢 Safe,-,-,,0.0,0.0,0,0,25.45,,0,0,0,300766
sh603169,兰石重装,★人气/成交,2493000000.0,4.49,14.64,6.98,13.02,🟢 Safe,-,-,,0.0,0.0,0,0,23.41,,0,0,0,603169
sh600497,驰宏锌锗,★人气/成交,2468000000.0,7.31,5.8,-1.64,8.51,🟢 Safe,-,-,,0.0,0.0,0,0,18.03,,0,0,0,600497
sz002436,兴森科技,★人气/成交,2467000000.0,1.03,7.31,-0.58,22.49,🟢 Safe,-,-,,0.0,0.0,0,0,6.03,,0,0,0,002436
sh600031,三一重工,★人气/成交,2444000000.0,3.97,1.3,0.65,22.28,🟢 Safe,-,-,,0.0,0.0,0,0,7.12,,0,0,0,600031
sz000733,振华科技,★人气/成交,2433000000.0,0.46,7.69,0.67,56.88,🟢 Safe,-,-,,0.0,0.0,0,0,10.28,,0,0,0,000733
sz002735,王子新材,★人气/成交,2421000000.0,5.17,40.2,-3.74,22.19,🟢 Safe,-,-,,0.0,0.0,0,0,31.46,,0,0,0,002735
sh603228,景旺电子,★人气/成交,2389000000.0,-2.86,3.31,-0.66,74.81,🟢 Safe,-,-,,0.0,0.0,0,0,-2.34,,0,0,0,603228
sz301079,邵阳液压,🐉龙虎榜/💰机构/3日(8011万)/🏃机构/3日(6596万)/★人气/成交/🔥焚诀/爆量/首板/👀焚诀预期/炸板/[一字],2382000000.0,17.84,58.67,14.92,58.45,高危,86.84%,次日 +6.86%,10日偏离值100%,86.84,0.0,0,0,102.74,,0,0,0,301079
sz002347,泰尔股份,F佬/泰尔股份(机器人)/★人气/成交,2380000000.0,-2.22,35.46,0.07,13.19,🟢 Safe,-,-,,0.0,0.0,0,0,71.74,,0,0,0,002347
sz002023,海特高新,★人气/成交,2355000000.0,-1.26,21.0,4.39,14.85,🟢 Safe,-,-,,0.0,0.0,0,0,13.19,,0,0,0,002023
sh600547,山东黄金,★人气/成交,2351000000.0,5.75,1.51,-0.92,43.76,🟢 Safe,-,-,,0.0,0.0,0,0,9.18,,0,0,0,600547
sh600522,中天科技,★人气/成交,2322000000.0,1.43,3.7,-0.44,18.48,🟢 Safe,-,-,,0.0,0.0,0,0,-3.85,,0,0,0,600522
sh600010,包钢股份,★人气/成交,2320000000.0,2.77,2.87,0.0,2.6,🟢 Safe,-,-,,0.0,0.0,0,0,9.24,,0,0,0,600010
sh600363,联创光电,★人气/成交,2317000000.0,2.46,7.05,0.01,73.33,🟢 Safe,-,-,,0.0,0.0,0,0,27.49,,0,0,0,600363
sz300339,润和软件,★人气/成交,2298000000.0,2.07,5.7,-0.49,52.33,🟢 Safe,-,-,,0.0,0.0,0,0,6.41,,0,0,0,300339
sz000338,潍柴动力,★人气/成交,2289000000.0,4.32,2.5,2.67,18.34,🟢 Safe,-,-,,0.0,0.0,0,0,4.5,,0,0,0,000338
sh600556,天下秀,★人气/成交/1板/[换手板]/AI/智能体,2273000000.0,9.99,16.81,-0.14,7.82,🟢 Safe,-,-,,0.0,0.0,0,0,34.36,,0,0,0,600556
sz300624,万兴科技,★人气/成交,2270000000.0,9.5,16.62,-0.89,82.55,🟢 Safe,-,-,,0.0,0.0,0,0,24.14,,0,0,0,300624
sz300378,鼎捷数智,★人气/成交,2253000000.0,6.61,16.18,-2.22,53.68,🟢 Safe,-,-,,0.0,0.0,0,0,27.72,,0,0,0,300378
sz300496,中科创达,★人气/成交,2241000000.0,3.68,8.2,-0.1,74.92,🟢 Safe,-,-,,0.0,0.0,0,0,13.0,,0,0,0,300496
sz002611,东方精工,★人气/成交,2231000000.0,3.42,11.27,1.35,19.94,🟢 Safe,-,-,,0.0,0.0,0,0,11.9,,0,0,0,002611
sz000620,盈新发展,★人气/成交,2222000000.0,-5.22,14.36,-3.77,3.27,🟢 Safe,-,-,,0.0,0.0,0,0,19.34,,0,0,0,000620
sh688031,星环科技-U,★人气/成交/首板/[换手板],2221000000.0,15.86,15.55,5.14,162.0,🟢 Safe,-,-,,0.0,0.0,0,0,57.28,,0,0,0,688031
sz300244,迪安诊断,🐉龙虎榜/💰机构(5075万)/💰北向(1.4亿)/🏃北向(1.6亿)/🏃机构(4393万)/★人气/成交/1板/[换手板]/AI,2217000000.0,20.0,20.8,4.14,21.72,🟢 Safe,-,-,,0.0,0.0,0,0,39.5,,0,0,0,300244
sz002738,中矿资源,★人气/成交,2217000000.0,-0.86,3.87,-0.52,80.3,🟢 Safe,-,-,,0.0,0.0,0,0,6.53,,0,0,0,002738
sz002414,高德红外,★人气/成交,2215000000.0,0.5,4.04,0.31,16.23,🟢 Safe,-,-,,0.0,0.0,0,0,4.64,,0,0,0,002414
sz000555,神州信息,★人气/成交,2197000000.0,2.32,12.33,-0.33,18.54,🟢 Safe,-,-,,0.0,0.0,0,0,14.73,,0,0,0,000555
sz300627,华测导航,★人气/成交,2195000000.0,2.67,7.98,0.29,42.68,🟢 Safe,-,-,,0.0,0.0,0,0,29.69,,0,0,0,300627
sz002130,沃尔核材,★人气/成交,2173000000.0,2.01,6.83,-0.44,27.97,🟢 Safe,-,-,,0.0,0.0,0,0,3.59,,0,0,0,002130
sh600392,盛和资源,★人气/成交,2172000000.0,3.31,5.32,-0.09,23.4,🟢 Safe,-,-,,0.0,0.0,0,0,9.45,,0,0,0,600392
sz002446,盛路通信,★人气/成交,2167000000.0,6.77,21.42,0.88,12.15,🟢 Safe,-,-,,0.0,0.0,0,0,24.36,,0,0,0,002446
sz000962,东方钽业,★人气/成交/🔥焚诀/首板/👀焚诀预期/炸板/[换手板],2152000000.0,5.65,11.32,0.03,37.4,🟢 Safe,-,-,,0.0,0.0,0,0,23.27,,0,0,0,000962
sh600330,天通股份,★人气/成交,2144000000.0000002,-1.83,12.37,-1.69,13.93,🟢 Safe,-,-,,0.0,0.0,0,0,6.83,,0,0,0,600330
sz300427,红相股份,★人气/成交,2107000000.0,6.46,30.8,1.87,13.67,🟢 Safe,-,-,,0.0,0.0,0,0,5.81,,0,0,0,300427
sz301183,东田微,★人气/成交,2095000000.0,5.36,22.11,-3.9,172.79,🟢 Safe,-,-,,0.0,0.0,0,0,3.98,,0,0,0,301183
sz300593,新雷能,★人气/成交,2095000000.0,-0.41,13.23,0.09,34.21,🟢 Safe,-,-,,0.0,0.0,0,0,13.13,,0,0,0,300593
sz300655,晶瑞电材,★人气/成交,2093000000.0,-0.68,10.35,-0.94,18.95,🟢 Safe,-,-,,0.0,0.0,0,0,8.35,,0,0,0,300655
sz300775,三角防务,★人气/成交,2088000000.0,4.42,11.75,0.34,33.81,🟢 Safe,-,-,,0.0,0.0,0,0,14.3,,0,0,0,300775
sh600391,航发科技,★人气/成交/🔥焚诀/爆量/首板/👀焚诀预期/炸板/[换手板],2088000000.0,6.4,14.26,-0.07,44.4,🟢 Safe,-,-,,0.0,0.0,0,0,33.73,,0,0,0,600391
sz300123,亚光科技,★人气/成交,2069000000.0000002,-1.87,22.98,1.43,8.91,🟢 Safe,-,-,,0.0,0.0,0,0,14.08,,0,0,0,300123
sz300785,值得买,★人气/成交/首板/[换手板],2060000000.0000002,12.14,33.62,-0.79,52.2,🟢 Safe,-,-,,0.0,0.0,0,0,34.05,,0,0,0,300785
sz002409,雅克科技,★人气/成交,2059000000.0,0.67,7.57,-1.4,86.8,🟢 Safe,-,-,,0.0,0.0,0,0,15.75,,0,0,0,002409
sz300236,上海新阳,★人气/成交,2054000000.0,1.37,9.52,-1.28,77.71,🟢 Safe,-,-,,0.0,0.0,0,0,16.42,,0,0,0,300236
sz002510,天汽模,★人气/成交,2045000000.0,0.0,25.83,2.7,7.79,🟢 Safe,-,-,,0.0,0.0,0,0,4.85,,0,0,0,002510
sz300516,久之洋,★人气/成交,2043000000.0,-2.79,12.87,-3.42,87.45,🟢 Safe,-,-,,0.0,0.0,0,0,24.93,,0,0,0,300516
sh603131,上海沪工,★人气/成交,2032000000.0,4.18,18.98,5.2,32.68,🟢 Safe,-,-,,0.0,0.0,0,0,16.71,,0,0,0,603131
sz301306,西测测试,★人气/成交,2014999999.9999998,2.9,23.43,-0.97,147.77,安全,150.76%,次日 +18.93%,30日偏离值200%,0.0,150.76,0,0,37.65,,0,0,0,301306
sz002240,盛新锂能,★人气/成交,2009000000.0,-1.81,6.17,-1.84,35.21,🟢 Safe,-,-,,0.0,0.0,0,0,-1.29,,0,0,0,002240
sz300570,太辰光,★人气/成交,2005000000.0,-0.39,9.16,-1.03,115.54,🟢 Safe,-,-,,0.0,0.0,0,0,-4.89,,0,0,0,300570
sz002080,中材科技,★人气/成交,2002000000.0,0.35,3.25,0.0,37.06,🟢 Safe,-,-,,0.0,0.0,0,0,-8.18,,0,0,0,002080
sh603185,弘元绿能,🐉龙虎榜/💰北向(1.2亿)/💰拉萨天团(2054万)/💰作手新一(2587万)/🏃机构(2.9亿)/📉跌停/博弈修复,1973000000.0,-9.21,9.92,-1.27,28.69,🟢 Safe,-,-,,0.0,0.0,0,0,-5.87,,0,0,0,603185
sz002788,鹭燕医药,★人气,1971000000.0,-2.44,19.23,-0.98,26.82,🟢 Safe,-,-,,0.0,0.0,0,0,36.49,,0,0,0,002788
sz002031,巨轮智能,F佬/巨轮智能(机器人/航天)/★人气,1960000000.0000002,-0.6,12.32,-2.42,8.22,🟢 Safe,-,-,,0.0,0.0,0,0,11.53,,0,0,0,002031
sz002009,天奇股份,★人气,1960000000.0000002,2.25,24.64,-0.14,22.3,🟢 Safe,-,-,,0.0,0.0,0,0,39.38,sz002931,0,0,0,002009
sz002378,章源钨业,🔥焚诀/爆量/首板/👀焚诀预期/炸板/[换手板],1904000000.0,8.44,9.45,1.41,16.96,🟢 Safe,-,-,,0.0,0.0,0,0,13.07,,0,0,0,002378
sz002046,国机精工,1板/[换手板]/航天,1855000000.0,10.01,7.65,3.7,46.39,🟢 Safe,-,-,,0.0,0.0,0,0,3.3,,0,0,0,002046
sz002201,九鼎新材,首板/👀焚诀预期/炸板/[换手板],1853000000.0,-1.19,25.15,6.29,11.63,🟢 Safe,-,-,,0.0,0.0,0,0,13.13,,0,0,0,002201
sz001331,胜通能源,🐉龙虎榜/💰机构(3824万)/💰拉萨天团(3289万)/🏃机构(1358万)/🏃拉萨天团(2495万),1811000000.0,-2.48,18.75,-1.73,58.55,🟢 Safe,-,-,,0.0,0.0,0,0,123.99,,0,0,0,001331
sz300290,荣科科技,🐉龙虎榜/💰拉萨天团/3日(1.5亿)/💰北向/3日(8257万)/💰机构/3日(2416万)/🏃北向/3日(9810万)/🏃机构/3日(7177万)/🏃拉萨天团/3日(1.4亿),1775000000.0,-7.67,13.68,-8.54,20.21,🟢 Safe,-,-,,0.0,0.0,0,0,-36.29,,0,0,0,300290
sz300071,福石控股,首板/[换手板],1770000000.0,12.56,26.29,-1.51,7.44,🟢 Safe,-,-,,0.0,0.0,0,0,33.81,,0,0,0,300071
sz301117,佳缘科技,首板/[换手板],1739999999.9999998,10.62,37.87,0.93,59.25,🟢 Safe,-,-,,0.0,0.0,0,0,21.84,,0,0,0,301117
sz002083,孚日股份,★人气,1725000000.0,-2.74,13.71,-1.85,13.11,🟢 Safe,-,-,,0.0,0.0,0,0,14.9,,0,0,0,002083
sz300634,彩讯股份,首板/[换手板],1660000000.0000002,11.26,13.5,-0.56,29.54,🟢 Safe,-,-,,0.0,0.0,0,0,21.21,,0,0,0,300634
sh600345,长江通信,🔥焚诀/爆量/首板/👀焚诀预期/炸板/[换手板],1569000000.0,7.79,19.17,0.05,39.97,🟢 Safe,-,-,,0.0,0.0,0,0,34.35,,0,0,0,600345
sz002796,世嘉科技,🐉龙虎榜/💰机构(5077万)/💰六一中路(30万)/🏃六一中路(3827万)/🏃机构(3409万)/🔥焚诀/爆量/首板/👀焚诀预期/炸板/[换手板],1555000000.0,9.47,22.16,-1.4,32.82,🟢 Safe,-,-,,0.0,0.0,0,0,15.04,,0,0,0,002796
sz300753,爱朋医疗,🐉龙虎榜/💰机构/3日(3096万)/🏃机构/3日(2823万),1540000000.0,-8.66,43.85,-6.03,38.93,🟢 Safe,-,-,,0.0,0.0,0,0,39.94,,0,0,0,300753
sz000050,深天马Ａ,🔥焚诀/首板/👀焚诀预期/炸板/[换手板],1532000000.0,7.11,6.1,0.1,10.25,🟢 Safe,-,-,,0.0,0.0,0,0,14.02,,0,0,0,000050
sh603108,润达医疗,1板/[换手板]/华为/AI,1476000000.0,9.99,14.02,0.49,17.94,🟢 Safe,-,-,,0.0,0.0,0,0,19.2,,0,0,0,603108
sh600133,东湖高新,🔥焚诀/爆量/首板/👀焚诀预期/炸板/[换手板],1459000000.0,9.9,12.97,-0.72,10.66,🟢 Safe,-,-,,0.0,0.0,0,0,16.38,,0,0,0,600133
sz002017,东信和平,1板/[换手板]/数字货币,1449000000.0,10.0,10.1,0.92,25.19,🟢 Safe,-,-,,0.0,0.0,0,0,18.37,,0,0,0,002017
sh600135,乐凯胶片,🐉龙虎榜,1381000000.0,-6.68,19.91,5.97,11.87,🟢 Safe,-,-,,0.0,0.0,0,0,32.92,,0,0,0,600135
sh603305,旭升集团,1板/[换手板],1379000000.0,10.02,6.32,2.53,19.1,🟢 Safe,-,-,,0.0,0.0,0,0,36.62,,0,0,0,603305
sz002119,康强电子,🔥焚诀/爆量/首板/👀焚诀预期/炸板/[换手板],1275000000.0,5.66,18.35,-0.79,18.68,🟢 Safe,-,-,,0.0,0.0,0,0,11.52,,0,0,0,002119
sz300578,会畅科技,1板/[换手板]/AI/机器人,1255000000.0,19.99,27.04,-0.43,24.85,🟢 Safe,-,-,,0.0,0.0,0,0,24.62,,0,0,0,300578
sh603067,振华股份,1板/[换手板]/军工,1218000000.0,10.0,4.93,3.42,35.1,🟢 Safe,-,-,,0.0,0.0,0,0,12.39,,0,0,0,603067
sh688167,炬光科技,首板/[换手板],1215000000.0,10.54,6.92,-0.92,204.17,🟢 Safe,-,-,,0.0,0.0,0,0,15.84,,0,0,0,688167
sz002315,焦点科技,🔥焚诀/爆量/首板/👀焚诀预期/炸板/[换手板],1171000000.0,9.43,11.13,-0.55,53.27,🟢 Safe,-,-,,0.0,0.0,0,0,22.26,,0,0,0,002315
sz301136,招标股份,首板/[换手板],1170000000.0,12.83,19.43,0.05,23.13,🟢 Safe,-,-,,0.0,0.0,0,0,11.9,,0,0,0,301136
sz002296,辉煌科技,1板/[换手板]/低空/卫星,1033000000.0,10.0,24.22,2.57,12.43,🟢 Safe,-,-,,0.0,0.0,0,0,13.31,,0,0,0,002296
sz002044,美年健康,1板/[换手板]/AI,1025000000.0,10.05,4.37,3.59,6.13,🟢 Safe,-,-,,0.0,0.0,0,0,13.1,,0,0,0,002044
sz301230,泓博医药,1板/[换手板]/AI,1018000000.0,19.99,21.11,3.29,41.24,🟢 Safe,-,-,,0.0,0.0,0,0,38.02,,0,0,0,301230
sz000987,越秀资本,1板/[一字]/航天,1013000000.0000001,9.99,2.0,9.99,10.13,🟢 Safe,-,-,,0.0,0.0,0,0,34.53,,0,0,0,000987
sz002766,索菱股份,🐉龙虎榜/💰北向(1420万)/💰机构(1639万)/💰六一中路(585万)/🏃机构(1235万)/🏃六一中路(1351万)/🏃北向(2012万),1002999999.9999999,-6.39,17.0,-3.47,6.74,🟢 Safe,-,-,,0.0,0.0,0,0,15.81,,0,0,0,002766
sz300830,金现代,🔥焚诀/爆量/首板/👀焚诀预期/炸板/[换手板],966000000.0,12.87,23.87,-1.77,12.1,🟢 Safe,-,-,,0.0,0.0,0,0,20.64,,0,0,0,300830
sz000534,万泽股份,🔥焚诀/首板/👀焚诀预期/炸板/[换手板],964000000.0,5.05,8.35,1.9,22.67,🟢 Safe,-,-,,0.0,0.0,0,0,-3.94,,0,0,0,000534
sz301213,观想科技,🐉龙虎榜/💰小鳄鱼/3日(1754万)/💰六一中路/3日(2052万)/💰机构/3日(2992万)/🏃六一中路/3日(507万)/🏃小鳄鱼/3日(1799万)/🏃机构/3日(5015万)/首板/[换手板],963000000.0000001,13.04,21.1,-1.79,94.95,🟢 Safe,-,-,,0.0,0.0,0,0,40.5,,0,0,0,301213
sz300781,因赛集团,首板/[换手板],961999999.9999999,10.76,20.06,-1.51,41.17,🟢 Safe,-,-,,0.0,0.0,0,0,26.44,,0,0,0,300781
sz301127,武汉天源,首板/[换手板],959000000.0,11.84,7.83,4.53,19.27,🟢 Safe,-,-,,0.0,0.0,0,0,26.11,,0,0,0,301127
sz002512,达华智能,1板/[换手板]/航天/卫星,958000000.0,10.0,13.05,0.79,6.93,🟢 Safe,-,-,,0.0,0.0,0,0,17.06,,0,0,0,002512
sh688727,恒坤新材,🐉龙虎榜/💰机构/3日(6449万),948000000.0,-5.25,30.73,-2.81,60.64,🟢 Safe,-,-,,0.0,0.0,0,0,15.9,,0,0,0,688727
sz002213,大为股份,★人气,946000000.0000001,-2.84,16.48,-1.93,27.69,🟢 Safe,-,-,,0.0,0.0,0,0,3.55,,0,0,0,002213
sh603100,川仪股份,🔥焚诀/爆量/首板/👀焚诀预期/炸板/[换手板],877999999.9999999,10.02,6.5,0.98,26.9,🟢 Safe,-,-,,0.0,0.0,0,0,18.03,,0,0,0,603100
sz000551,创元科技,★人气,866000000.0,-0.2,11.91,-0.33,14.9,🟢 Safe,-,-,,0.0,0.0,0,0,-1.72,,0,0,0,000551
sz000798,中水渔业,★人气,855000000.0000001,7.44,19.48,1.66,12.28,🟢 Safe,-,-,,0.0,0.0,0,0,8.77,,0,0,0,000798
sh688003,天准科技,首板/[换手板],850000000.0,13.36,6.66,-0.41,68.8,🟢 Safe,-,-,,0.0,0.0,0,0,19.11,,0,0,0,688003
sz002777,久远银海,1板/[换手板]/数据要素/AI,849000000.0,10.02,10.61,1.08,20.31,🟢 Safe,-,-,,0.0,0.0,0,0,15.07,,0,0,0,002777
sz002203,海亮股份,1板/[换手板]/固态电池/AI,843000000.0,10.02,2.78,0.31,14.05,🟢 Safe,-,-,,0.0,0.0,0,0,12.67,,0,0,0,002203
sz002029,七 匹 狼,1板/[换手板],842000000.0,10.03,9.63,0.0,14.04,🟢 Safe,-,-,,0.0,0.0,0,0,26.03,,0,0,0,002029
sz002278,神开股份,1板/[换手板]/航天,833000000.0,9.97,18.27,1.96,14.01,🟢 Safe,-,-,,0.0,0.0,0,0,15.88,,0,0,0,002278
sz300553,集智股份,🔥焚诀/首板/👀焚诀预期/炸板/[换手板],830000000.0000001,16.25,21.65,1.05,46.36,🟢 Safe,-,-,,0.0,0.0,0,0,21.55,,0,0,0,300553
sz000159,国际实业,🔥焚诀/首板/👀焚诀预期/炸板/[换手板],824000000.0,3.61,25.72,0.0,6.6,🟢 Safe,-,-,,0.0,0.0,0,0,13.21,,0,0,0,000159
sh688114,华大智造,首板/[换手板],819000000.0,10.21,2.72,0.0,75.0,🟢 Safe,-,-,,0.0,0.0,0,0,19.69,,0,0,0,688114
sh688143,长盈通,首板/[换手板],810000000.0,10.01,11.85,-0.37,58.7,🟢 Safe,-,-,,0.0,0.0,0,0,25.27,,0,0,0,688143
sz301110,青木科技,首板/[换手板],803999999.9999999,12.3,15.22,3.65,84.26,🟢 Safe,-,-,,0.0,0.0,0,0,30.74,,0,0,0,301110
sz002519,银河电子,★人气/5板/[一字]/航天/军工,783000000.0,10.02,6.75,10.02,10.43,🟢 Safe,-,-,,0.0,0.0,0,0,77.99,,0,0,0,002519
sz300774,倍杰特,首板/[换手板],717000000.0,11.13,15.65,-1.26,24.76,🟢 Safe,-,-,,0.0,0.0,0,0,33.84,,0,0,0,300774
sz002181,粤 传 媒,1板/[换手板]/AI/文化传媒,707000000.0,10.04,6.45,-0.11,10.08,🟢 Safe,-,-,,0.0,0.0,0,0,20.43,,0,0,0,002181
sz002462,嘉事堂,🐉龙虎榜/💰机构(642万)/💰拉萨天团(1580万)/🏃机构(1401万)/🏃拉萨天团(1197万),706000000.0,-6.39,14.84,-5.29,16.11,🟢 Safe,-,-,,0.0,0.0,0,0,5.78,,0,0,0,002462
sh600108,亚盛集团,🔥焚诀/爆量/首板/👀焚诀预期/炸板/[换手板],705000000.0,7.62,10.18,0.61,3.53,🟢 Safe,-,-,,0.0,0.0,0,0,8.28,,0,0,0,600108
sz301231,荣信文化,🔥焚诀/爆量/首板/👀焚诀预期/炸板/[换手板],697000000.0,18.23,34.88,0.21,39.76,🟢 Safe,-,-,,0.0,0.0,0,0,32.14,,0,0,0,301231
sh688091,上海谊众,首板/[换手板],688000000.0,17.29,5.78,0.83,60.84,🟢 Safe,-,-,,0.0,0.0,0,0,30.03,,0,0,0,688091
sz002187,广百股份,1板/[换手板],666000000.0,10.0,11.02,7.34,8.69,🟢 Safe,-,-,,0.0,0.0,0,0,8.08,,0,0,0,002187
sz000532,华金资本,1板/[换手板]/机器人,648000000.0,9.98,11.3,1.08,17.3,🟢 Safe,-,-,,0.0,0.0,0,0,7.86,,0,0,0,000532
sz002677,浙江美大,🐉龙虎榜/💰机构(2934万)/💰北向(1392万)/💰拉萨天团(705万)/🏃北向(4320万)/🏃拉萨天团(250万)/🏃机构(1644万)/📉跌停/博弈修复,633000000.0,-9.71,12.52,-0.2,9.21,🟢 Safe,-,-,,0.0,0.0,0,0,8.61,,0,0,0,002677
sh600513,联环药业,1板/[换手板],620000000.0,10.01,10.7,-0.78,21.11,🟢 Safe,-,-,,0.0,0.0,0,0,17.54,,0,0,0,600513
sh600215,派斯林,🐉龙虎榜/💰赵老哥/3日(1348万)/2板/[一字]/AI/机器人,612000000.0,10.01,16.08,10.01,8.46,🟢 Safe,-,-,,0.0,0.0,0,0,25.33,,0,0,0,600215
sh688011,新光光电,首板/[换手板],607000000.0,15.2,9.25,2.12,70.5,🟢 Safe,-,-,,0.0,0.0,0,0,34.72,,0,0,0,688011
sz300051,琏升科技,1板/[换手板]/航天,605000000.0,20.06,19.78,8.02,8.68,🟢 Safe,-,-,,0.0,0.0,0,0,32.32,,0,0,0,300051
sh603171,税友股份,1板/[换手板]/AI/智能体,603000000.0,10.0,2.2,0.0,71.06,🟢 Safe,-,-,,0.0,0.0,0,0,42.35,,0,0,0,603171
sh600053,九鼎投资,🔥焚诀/爆量/首板/👀焚诀预期/炸板/[换手板],596000000.0,6.8,6.16,0.0,22.3,🟢 Safe,-,-,,0.0,0.0,0,0,11.06,,0,0,0,600053
sz002541,鸿路钢构,🐉龙虎榜/💰机构/3日(1.2亿)/💰北向/3日(1.7亿)/🏃北向/3日(1.2亿),563000000.0,4.76,5.6,0.51,20.69,🟢 Safe,-,-,,0.0,0.0,0,0,25.17,,0,0,0,002541
sz300986,志特新材,★人气/5板/[一字]/AI/机器人,562000000.0,20.02,4.92,20.02,27.82,🟢 Safe,-,-,,0.0,0.0,0,0,170.1,,0,0,0,300986
sz300536,农尚环境,🔥焚诀/首板/👀焚诀预期/炸板/[换手板],528000000.0,19.97,19.65,2.15,9.49,🟢 Safe,-,-,,0.0,0.0,0,0,31.44,,0,0,0,300536
sh605318,法狮龙,🐉龙虎榜,497000000.0,-6.97,6.51,-1.61,60.1,🟢 Safe,-,-,,0.0,0.0,0,0,-11.88,,0,0,0,605318
sz300807,天迈科技,首板/[换手板],459999999.99999994,13.57,15.08,0.0,61.5,🟢 Safe,-,-,,0.0,0.0,0,0,14.38,,0,0,0,300807
sz301280,珠城科技,首板/[换手板],454000000.0,14.19,20.85,0.04,57.3,🟢 Safe,-,-,,0.0,0.0,0,0,13.74,,0,0,0,301280
sz300592,华凯易佰,首板/[换手板],448000000.00000006,10.45,10.91,-0.27,12.15,🟢 Safe,-,-,,0.0,0.0,0,0,11.88,,0,0,0,300592
sz300540,蜀道装备,首板/[换手板],446000000.0,10.05,9.61,2.05,22.56,🟢 Safe,-,-,,0.0,0.0,0,0,18.43,,0,0,0,300540
sz000803,山高环能,🔥焚诀/首板/👀焚诀预期/炸板/[换手板],445000000.0,4.6,11.59,3.19,8.19,🟢 Safe,-,-,,0.0,0.0,0,0,16.17,,0,0,0,000803
sz001400,江顺科技,★人气/4板/[换手板]/航天,445000000.0,10.0,27.32,0.15,113.59,🟢 Safe,-,-,,0.0,0.0,0,0,67.59,,0,0,0,001400
sh605398,新炬网络,🔥焚诀/首板/👀焚诀预期/炸板/[换手板],434000000.0,5.01,8.48,0.13,31.24,🟢 Safe,-,-,,0.0,0.0,0,0,11.49,,0,0,0,605398
sh600397,江钨装备,1板/[换手板],397000000.0,9.95,4.53,-0.73,9.06,🟢 Safe,-,-,,0.0,0.0,0,0,17.82,,0,0,0,600397
sz001215,千味央厨,🐉龙虎榜/💰机构/3日(6824万)/🏃机构/3日(5928万),388000000.0,5.01,8.6,0.09,47.17,🟢 Safe,-,-,,0.0,0.0,0,0,21.57,,0,0,0,001215
sz002795,永和智控,1板/[换手板],361000000.0,10.04,11.61,3.84,7.45,🟢 Safe,-,-,,0.0,0.0,0,0,12.2,,0,0,0,002795
sz002838,道恩股份,1板/[换手板]/航天/机器人,327000000.0,9.99,2.93,0.08,27.31,🟢 Safe,-,-,,0.0,0.0,0,0,11.83,,0,0,0,002838
sz002316,亚联发展,2板/[换手板],325000000.0,10.02,16.87,5.01,5.71,🟢 Safe,-,-,,0.0,0.0,0,0,19.46,,0,0,0,002316
sh600337,美克家居,🐉龙虎榜/🏃六一中路(1279万)/📉跌停/博弈修复,308000000.0,-10.07,5.33,0.0,3.84,🟢 Safe,-,-,,0.0,0.0,0,0,25.08,,0,0,0,600337
sz001231,农心科技,🐉龙虎榜/💰拉萨天团(778万)/🏃拉萨天团(1035万),302000000.0,-5.9,24.07,-5.94,25.2,🟢 Safe,-,-,,0.0,0.0,0,0,15.23,,0,0,0,001231
sh688133,泰坦科技,首板/[换手板],298000000.0,10.9,7.4,1.86,25.64,🟢 Safe,-,-,,0.0,0.0,0,0,16.12,,0,0,0,688133
sz000503,国新健康,1板/[换手板]/AI,297000000.0,10.01,2.9,0.0,10.55,🟢 Safe,-,-,,0.0,0.0,0,0,14.92,,0,0,0,000503
sz002342,巨力索具,F佬/巨力索具(商业航天)/★人气/2板/[一字],283000000.0,10.02,2.7,10.02,10.98,🟢 Safe,-,-,,0.0,0.0,0,0,46.6,,0,0,0,002342
sz002162,悦心健康,1板/[换手板]/机器人,266000000.0,9.94,5.7,1.9,5.2,🟢 Safe,-,-,,0.0,0.0,0,0,10.87,,0,0,0,002162
sh605288,凯迪股份,🐉龙虎榜/💰机构/3日(1.3亿)/💰北向/3日(2044万)/💰养家/3日(2663万)/1板/[换手板]/机器人,235000000.0,10.0,3.25,0.99,107.94,🟢 Safe,-,-,,0.0,0.0,0,0,30.52,,0,0,0,605288
sz002729,好利科技,1板/[换手板],234000000.0,9.99,7.58,0.86,17.94,🟢 Safe,-,-,,0.0,0.0,0,0,10.88,,0,0,0,002729
sz300878,维康药业,1板/[换手板],231000000.0,20.01,4.77,1.73,35.33,🟢 Safe,-,-,,0.0,0.0,0,0,40.93,,0,0,0,300878
sz001216,华瓷股份,★人气,195000000.0,2.11,4.47,0.06,17.88,🟢 Safe,-,-,,0.0,0.0,0,0,2.94,,0,0,0,001216
sz001373,翔腾新材,1板/[换手板]/华为,154000000.0,10.01,12.55,0.4,38.46,🟢 Safe,-,-,,0.0,0.0,0,0,27.1,,0,0,0,001373
sz002774,快意电梯,★人气/5板/[换手板],150000000.0,10.01,3.65,4.86,14.95,🟢 Safe,-,-,,0.0,0.0,0,0,56.05,,0,0,0,002774
sh600477,杭萧钢构,🐉龙虎榜/💰六一中路(1430万)/💰六一中路/3日(1430万)/💰思明南路(523万)/2板/[一字],97055600.0,10.09,1.14,10.09,3.6,🟢 Safe,-,-,,0.0,0.0,0,0,35.34,,0,0,0,600477
sz002431,棕榈股份,1板/[一字],91463300.0,10.0,1.85,10.0,2.75,🟢 Safe,-,-,,0.0,0.0,0,0,13.17,,0,0,0,002431
sh603037,凯众股份,🐉龙虎榜,0.0,4.7,14.22,-1.17,17.83,🟢 Safe,-,-,,0.0,0.0,0,0,32.07,,0,0,0,603037
sh688710,益诺思,🐉龙虎榜/💰机构/3日(9052万)/💰北向/3日(5254万)/首板/[换手板],0.0,11.5,5.15,-0.07,63.59,🟢 Safe,-,-,,0.0,0.0,0,0,39.91,,0,0,0,688710
sh688196,卓越新能,🔥焚诀/首板/👀焚诀预期/炸板/[换手板],0.0,15.42,4.79,6.12,72.85,🟢 Safe,-,-,,0.0,0.0,0,0,31.38,,0,0,0,688196
sh688658,悦康药业,首板/[换手板],0.0,17.13,4.45,1.14,31.79,🟢 Safe,-,-,,0.0,0.0,0,0,34.08,,0,0,0,688658
sz301363,美好医疗,📉跌停/博弈修复,0.0,-11.81,15.25,-5.8,37.55,🟢 Safe,-,-,,0.0,0.0,0,0,65.42,,0,0,0,301363
sz003007,直真科技,2板/[换手板],0.0,9.99,25.5,0.42,44.91,🟢 Safe,-,-,,0.0,0.0,0,0,26.65,,0,0,0,003007
sh688282,理工导航,首板/[换手板],0.0,12.14,5.24,2.14,78.5,🟢 Safe,-,-,,0.0,0.0,0,0,38.2,,0,0,0,688282
sh688270,臻镭科技,🐉龙虎榜/💰机构(3.1亿)/💰机构/3日(4.4亿)/💰北向/3日(7.2亿)/💰北向(4.8亿)/🔥焚诀/首板/👀焚诀预期/炸板/[换手板],0.0,19.0,16.91,4.61,180.88,中高,170.77%,次日 +10.32%,30日偏离值200%,0.0,170.77,0,0,58.39,,0,0,0,688270
sh688393,安必平,🐉龙虎榜/🏃机构(902万)/🔥焚诀/首板/👀焚诀预期/炸板/[换手板],0.0,19.71,16.78,5.04,33.04,🟢 Safe,-,-,,0.0,0.0,0,0,42.05,,0,0,0,688393
sh600858,银座股份,🐉龙虎榜/💰机构(3039万)/🏃佛山系(723万)/1板/[换手板],0.0,10.08,12.89,-0.94,6.99,🟢 Safe,-,-,,0.0,0.0,0,0,-1.27,,0,0,0,600858
sh600962,国投中鲁,1板/[换手板],0.0,10.01,3.87,0.05,22.64,🟢 Safe,-,-,,0.0,0.0,0,0,-3.37,,0,0,0,600962
sh603679,华体科技,🔥焚诀/首板/👀焚诀预期/炸板/[换手板],0.0,5.15,18.39,1.23,17.97,🟢 Safe,-,-,,0.0,0.0,0,0,16.61,,0,0,0,603679
sh603696,安记食品,F佬/安记食品(消费)/★人气,0.0,3.63,23.25,0.0,24.0,🟢 Safe,-,-,,0.0,0.0,0,0,-10.71,,0,0,0,603696
sz301408,华人健康,🐉龙虎榜/💰机构/3日(2977万)/💰北向/3日(5616万)/🏃北向/3日(3431万)/🏃机构/3日(1372万)/首板/[换手板],0.0,9.97,42.08,3.67,22.17,🟢 Safe,-,-,,0.0,0.0,0,0,10.57,,0,0,0,301408
sh601615,明阳智能,🔥焚诀/首板/👀焚诀预期/炸板/[一字],0.0,6.81,10.35,9.97,17.89,🟢 Safe,-,-,,0.0,0.0,0,0,23.29,,0,0,0,601615
sh601958,金钼股份,1板/[换手板],0.0,9.99,2.38,0.24,18.38,🟢 Safe,-,-,,0.0,0.0,0,0,22.13,,0,0,0,601958
sh603667,五洲新春,持仓/五洲新春/★人气,0.0,2.86,17.27,1.29,78.11,🟢 Safe,-,-,,0.0,0.0,0,0,57.1,,0,0,0,603667
sh600676,交运股份,1板/[换手板],0.0,10.05,4.55,0.49,6.79,🟢 Safe,-,-,,0.0,0.0,0,0,19.33,,0,0,0,600676
sh600895,张江高科,F佬/张江高科(商业航天/创投)/★人气,0.0,1.69,6.57,3.87,47.54,🟢 Safe,-,-,,0.0,0.0,0,0,17.3,,0,0,0,600895
sh601106,中国一重,F佬/中国一重(核电/商业航天)/★人气/3板/[一字],0.0,9.96,7.32,9.96,5.41,🟢 Safe,-,-,,0.0,0.0,0,0,32.92,,0,0,0,601106
sh600721,百花医药,🐉龙虎榜/💰拉萨天团/3日(2181万),0.0,-3.33,24.87,-3.43,9.59,🟢 Safe,-,-,,0.0,0.0,0,0,-8.75,,0,0,0,600721
sh603496,恒为科技,1板/[换手板],0.0,9.99,14.65,-0.44,32.26,🟢 Safe,-,-,,0.0,0.0,0,0,21.64,,0,0,0,603496
sh688691,灿芯股份,首板/[换手板],0.0,13.35,21.01,-0.83,130.3,🟢 Safe,-,-,,0.0,0.0,0,0,22.34,,0,0,0,688691
sh603716,塞力医疗,F佬/塞力医疗(脑机)/🐉龙虎榜/💰北向(6644万)/💰拉萨天团(6572万)/🏃六一中路(2513万)/★人气,0.0,4.39,37.25,-0.64,27.83,🟢 Safe,-,-,,0.0,0.0,0,0,28.55,,0,0,0,603716
sh603017,中衡设计,🐉龙虎榜/💰养家/3日(2997万)/2板/[一字],0.0,10.01,1.73,10.01,13.3,🟢 Safe,-,-,,0.0,0.0,0,0,28.63,,0,0,0,603017
sh688281,华秦科技,🔥焚诀/首板/👀焚诀预期/炸板/[换手板],0.0,18.92,3.62,2.5,92.63,🟢 Safe,-,-,,0.0,0.0,0,0,32.86,,0,0,0,688281
sh688392,骄成超声,首板/[换手板],0.0,12.88,6.1,-2.27,144.48,🟢 Safe,-,-,,0.0,0.0,0,0,18.89,,0,0,0,688392
sh688443,智翔金泰-U,首板/[换手板],0.0,11.17,9.94,3.02,32.44,🟢 Safe,-,-,,0.0,0.0,0,0,23.53,,0,0,0,688443
sh600748,上实发展,🐉龙虎榜/💰养家(1267万)/💰北向(3534万)/🏃机构(1102万)/1板/[换手板],0.0,10.08,3.92,-0.84,6.55,🟢 Safe,-,-,,0.0,0.0,0,0,23.58,,0,0,0,600748
sh600775,南京熊猫,F佬/南京熊猫(脑机/航天/AI)/🐉龙虎榜/💰拉萨天团(8941万)/🏃北向(1.2亿)/🏃拉萨天团(4181万)/★人气,0.0,1.84,39.63,-0.95,18.22,🟢 Safe,-,-,,0.0,0.0,0,0,51.2,,0,0,0,600775
sh600784,鲁银投资,1板/[换手板],0.0,9.94,4.97,0.0,7.96,🟢 Safe,-,-,,0.0,0.0,0,0,17.23,,0,0,0,600784
sh688225,亚信安全,首板/[换手板],0.0,12.45,4.83,0.98,22.94,🟢 Safe,-,-,,0.0,0.0,0,0,27.66,,0,0,0,688225
sh688500,慧辰股份,首板/[换手板],0.0,12.77,11.3,-2.55,71.96,🟢 Safe,-,-,,0.0,0.0,0,0,14.48,,0,0,0,688500
sh600828,茂业商业,🐉龙虎榜/💰北向(3758万)/💰机构(3986万)/🏃拉萨天团(1166万)/1板/[换手板],0.0,10.08,4.74,-1.57,6.99,🟢 Safe,-,-,,0.0,0.0,0,0,16.5,,0,0,0,600828
sh603938,三孚股份,🐉龙虎榜/💰北向/3日(2419万)/💰拉萨天团/3日(3225万)/2板/[一字],0.0,10.01,14.75,10.01,25.28,🟢 Safe,-,-,,0.0,0.0,0,0,28.39,,0,0,0,603938
sz002931,锋龙股份,F佬/锋龙股份(机器人)/★人气/10板/[一字],0.0,10.0,0.48,10.0,51.06,🟢 Safe,-,-,,0.0,0.0,0,0,159.45,,0,0,0,002931
sz003037,三和管桩,🐉龙虎榜/💰拉萨天团(1798万)/💰机构(579万)/🏃拉萨天团(322万)/🏃机构(1497万),0.0,-5.78,11.06,-0.89,8.47,🟢 Safe,-,-,,0.0,0.0,0,0,9.01,,0,0,0,003037
sh600807,济高发展,🐉龙虎榜/1板/[换手板],0.0,10.16,11.16,0.0,3.47,🟢 Safe,-,-,,0.0,0.0,0,0,6.44,,0,0,0,600807
sh600759,洲际油气,1板/[换手板],0.0,10.03,19.25,5.02,3.51,🟢 Safe,-,-,,0.0,0.0,0,0,24.03,,0,0,0,600759
sh603598,引力传媒,🐉龙虎榜/💰养家/3日(1.3亿)/💰中山东路/3日(1.3亿)/🏃六一中路/3日(3738万)/1板/[换手板],0.0,10.01,6.9,1.99,25.93,🟢 Safe,-,-,,0.0,0.0,0,0,59.18,,0,0,0,603598
sh600776,东方通信,1板/[换手板],0.0,10.0,11.69,0.0,20.35,🟢 Safe,-,-,,0.0,0.0,0,0,34.23,,0,0,0,600776
sh601611,中国核建,F佬/中国核建(核电中军)/★人气,0.0,7.09,10.18,3.37,18.13,🟢 Safe,-,-,,0.0,0.0,0,0,40.43,,0,0,0,601611
sh603057,紫燕食品,首板/[换手板],0.0,10.01,3.96,0.77,27.25,🟢 Safe,-,-,,0.0,0.0,0,0,37.56,,0,0,0,603057
sz002849,威星智能,1板/[换手板],0.0,10.03,4.93,1.88,17.55,🟢 Safe,-,-,,0.0,0.0,0,0,14.41,,0,0,0,002849
sh603882,金域医学,1板/[换手板],0.0,10.0,7.26,0.98,33.66,🟢 Safe,-,-,,0.0,0.0,0,0,20.47,,0,0,0,603882
sh603052,可川科技,🔥焚诀/首板/👀焚诀预期/炸板/[换手板],0.0,6.02,10.11,0.0,44.53,🟢 Safe,-,-,,0.0,0.0,0,0,31.09,,0,0,0,603052
sh600879,航天电子,🐉龙虎榜/💰北向/3日(7.0亿)/💰作手新一/3日(7.7亿)/💰机构/3日(5.7亿)/💰消闲派/3日(6.9亿)/★人气/2板/[换手板]/航天,0.0,10.01,19.36,5.44,28.69,🟢 Safe,-,-,,0.0,0.0,0,0,69.56,,0,0,0,600879
sh688418,震有科技,🐉龙虎榜/💰北向(9845万)/💰机构(1.6亿)/1板/[换手板],0.0,20.0,18.72,3.69,57.29,🟢 Safe,-,-,,0.0,0.0,0,0,45.89,,0,0,0,688418
sh603859,能科科技,★人气,0.0,6.05,10.94,-0.91,48.0,🟢 Safe,-,-,,0.0,0.0,0,0,21.7,,0,0,0,603859
sh688221,前沿生物-U,🐉龙虎榜/1板/[换手板],0.0,19.99,8.15,0.04,28.15,🟢 Safe,-,-,,0.0,0.0,0,0,42.32,,0,0,0,688221
sh603015,弘讯科技,★人气/3板/[一字],0.0,10.03,13.88,10.03,17.11,🟢 Safe,-,-,,0.0,0.0,0,0,34.51,,0,0,0,603015
sh600838,上海九百,持仓/上海九百/🐉龙虎榜/💰拉萨天团(3765万)/★人气,0.0,-2.53,28.55,-3.32,13.51,🟢 Safe,-,-,,0.0,0.0,0,0,18.51,,0,0,0,600838
sh601929,吉视传媒,1板/[换手板],0.0,10.0,11.07,-0.28,3.96,🟢 Safe,-,-,,0.0,0.0,0,0,18.21,,0,0,0,601929
sh603703,盛洋科技,🐉龙虎榜/🔥焚诀/首板/👀焚诀预期/炸板/[一字],0.0,3.0,29.63,10.01,17.18,🟢 Safe,-,-,,0.0,0.0,0,0,27.92,,0,0,0,603703
sz002865,钧达股份,🔥焚诀/首板/👀焚诀预期/炸板/[换手板],0.0,3.11,29.29,2.13,70.66,🟢 Safe,-,-,,0.0,0.0,0,0,44.17,,0,0,0,002865
sh600783,鲁信创投,持仓/鲁信创投/★人气/4板/[一字],0.0,9.99,0.88,9.99,32.59,🟢 Safe,-,-,,0.0,0.0,0,0,86.87,,0,0,0,600783
sh688586,江航装备,首板/[换手板],0.0,10.38,5.99,-0.43,15.52,🟢 Safe,-,-,,0.0,0.0,0,0,24.26,,0,0,0,688586
sh688246,嘉和美康,🔥焚诀/首板/👀焚诀预期/炸板/[换手板],0.0,11.17,13.98,6.55,28.67,🟢 Safe,-,-,,0.0,0.0,0,0,19.96,,0,0,0,688246
sh601698,中国卫通,★人气/1板/[换手板],0.0,9.99,6.55,1.08,48.98,高危,86.22%,次日 +7.25%,10日偏离值100%,86.22,0.0,0,0,99.43,,0,0,0,601698
sh600673,东阳光,🐉龙虎榜/💰北向/3日(7.4亿)/💰机构/3日(4.8亿),0.0,7.15,3.16,0.0,29.52,🟢 Safe,-,-,,0.0,0.0,0,0,26.91,,0,0,0,600673
sh600869,远东股份,🐉龙虎榜/💰赵老哥(9237万)/💰北向(1.3亿)/★人气/首板/👀焚诀预期/炸板/[一字],0.0,-3.3,16.49,9.98,10.56,🟢 Safe,-,-,,0.0,0.0,0,0,34.35,,0,0,0,600869
sh688258,卓易信息,首板/[换手板],0.0,15.56,8.68,-0.34,109.9,🟢 Safe,-,-,,0.0,0.0,0,0,62.69,,0,0,0,688258
sh600973,宝胜股份,1板/[换手板],0.0,10.05,18.13,-1.76,8.76,🟢 Safe,-,-,,0.0,0.0,0,0,29.78,,0,0,0,600973
sh600589,大位科技,🐉龙虎榜/💰北向/3日(4.8亿)/1板/[换手板],0.0,9.99,20.45,4.09,9.69,🟢 Safe,-,-,,0.0,0.0,0,0,35.52,,0,0,0,600589
sh600637,东方明珠,★人气/3板/[一字],0.0,9.99,5.22,9.99,13.32,🟢 Safe,-,-,,0.0,0.0,0,0,41.25,,0,0,0,600637
sh688387,信科移动-U,🐉龙虎榜/1板/[换手板],0.0,20.0,9.3,7.2,15.84,🟢 Safe,-,-,,0.0,0.0,0,0,64.66,,0,0,0,688387
sz301559,中集环科,首板/[换手板],0.0,12.68,24.42,0.98,18.31,🟢 Safe,-,-,,0.0,0.0,0,0,14.44,,0,0,0,301559
sh688552,航天南湖,🐉龙虎榜/💰北向/3日(5066万)/💰机构/3日(2936万)/🏃赵老哥/3日(3326万)/航天,0.0,-0.22,31.64,4.22,44.9,🟢 Safe,-,-,,0.0,0.0,0,0,27.38,,0,0,0,688552
sh688375,国博电子,首板/[换手板],0.0,12.91,2.82,1.22,129.99,🟢 Safe,-,-,,0.0,0.0,0,0,75.5,,0,0,0,688375
sz002927,泰永长征,1板/[换手板],0.0,10.02,13.47,-0.56,23.38,🟢 Safe,-,-,,0.0,0.0,0,0,16.03,,0,0,0,002927
sh688365,光云科技,首板/[换手板],0.0,11.9,9.32,-1.37,20.4,🟢 Safe,-,-,,0.0,0.0,0,0,31.36,,0,0,0,688365
sh601089,福元医药,1板/[换手板],0.0,9.99,2.26,0.07,30.27,🟢 Safe,-,-,,0.0,0.0,0,0,23.75,,0,0,0,601089
sh603334,丰倍生物,🐉龙虎榜/1板/[换手板],0.0,10.0,32.27,1.57,49.06,🟢 Safe,-,-,,0.0,0.0,0,0,16.56,,0,0,0,603334
sh600986,浙文互联,1板/[换手板],0.0,10.03,16.0,-0.79,9.76,🟢 Safe,-,-,,0.0,0.0,0,0,31.18,,0,0,0,600986
sz301591,肯特股份,首板/[换手板],0.0,9.84,21.24,0.07,46.0,🟢 Safe,-,-,,0.0,0.0,0,0,15.75,,0,0,0,301591
sh601226,华电科工,🔥焚诀/首板/👀焚诀预期/炸板/[换手板],0.0,6.82,7.31,-0.72,8.93,🟢 Safe,-,-,,0.0,0.0,0,0,12.61,,0,0,0,601226
sz301667,纳百川,🐉龙虎榜/💰机构/3日(2631万)/🏃机构/3日(2678万),0.0,4.13,45.43,2.41,81.39,🟢 Safe,-,-,,0.0,0.0,0,0,-1.62,,0,0,0,301667
sh600880,博瑞传播,1板/[换手板],0.0,10.03,12.15,2.04,6.47,🟢 Safe,-,-,,0.0,0.0,0,0,31.5,,0,0,0,600880
sh688543,国科军工,🔥焚诀/首板/👀焚诀预期/炸板/[换手板]/军工,0.0,18.01,27.53,2.31,74.7,🟢 Safe,-,-,,0.0,0.0,0,0,29.55,,0,0,0,688543
