sina_code,name,tag,amount,today_pct,turnover,open_pct,price,pct_10,link_dragon,vol,vol_prev,vol_ratio,code
sz000547,航天发展,航天/💰大战场,17949000000.0,7.69,31.88,-2.0,36.7,60.61,,0,0,0,000547
sz300308,中际旭创,💰大战场,17281000000.0,2.37,2.53,1.91,619.6,0.34,,0,0,0,300308
sz002202,金风科技,2板/航天/💰大战场,16846000000.0,10.0,20.29,2.08,26.4,56.31,,0,0,0,002202
sh601698,中国卫通,💰大战场,14194999999.999998,1.48,7.74,2.94,43.87,69.25,,0,0,0,601698
sh600111,北方稀土,💰大战场,13536000000.000002,4.88,7.51,2.39,50.5,10.87,,0,0,0,600111
sz002413,雷科防务,F佬/雷科防务(军工/中位辨识度/没动) # 复盘：归类为中位辨识度二波趋势，锁仓没动/6板/存储/航天/💰大战场,13230000000.000002,10.01,65.12,4.02,16.71,82.82,,0,0,0,002413
sz300502,新易盛,💰大战场,12789000000.0,0.66,3.43,2.03,420.3,-9.22,,0,0,0,300502
sz002465,海格通信,F佬/海格通信(全能叠加/量化做T/脑机+航天) # 复盘：新开仓，底仓做T，希望量化看得上/💰大战场,12157000000.0,2.05,24.69,4.83,19.45,45.8,,0,0,0,002465
sz300346,南大光电,1板/存储/🔥20cm/💰大战场,10428000000.0,20.0,29.92,6.89,55.19,20.77,,0,0,0,300346
sz300475,香农芯创,💰大战场,10290000000.0,2.42,12.67,11.18,175.03,28.18,,0,0,0,300475
sz300274,阳光电源,💰大战场,9849000000.0,0.78,3.6,-1.23,173.46,3.52,,0,0,0,300274
sh688256,寒武纪-U,💰大战场,9416000000.0,0.85,1.63,-0.95,1394.88,8.57,,0,0,0,688256
sz002371,北方华创,💰大战场,9062000000.0,6.06,2.44,1.45,515.42,10.77,,0,0,0,002371
sh600498,烽火通信,💰大战场,8755000000.0,4.02,18.9,-1.7,36.7,28.55,,0,0,0,600498
sz300409,道氏技术,💰大战场,7172000000.0,0.78,32.88,6.44,31.15,43.28,,0,0,0,300409
sz002340,格林美,首板/炸板/反包预期/💰大战场,7145999999.999999,7.99,14.93,2.66,9.33,19.31,,0,0,0,002340
sz002600,领益智造,💰大战场,7125000000.0,1.06,6.08,1.44,16.17,1.38,,0,0,0,002600
sz300604,长川科技,首板/💰大战场,7123000000.0,13.09,12.28,3.3,125.9,33.13,,0,0,0,300604
sz000592,平潭发展,💰大战场,6917000000.0,7.8,24.23,-0.21,15.62,21.09,,0,0,0,000592
sh600105,永鼎股份,💰大战场,6915000000.000001,4.24,17.54,-1.83,27.29,26.69,,0,0,0,600105
sh601127,赛力斯,💰大战场,6697000000.0,2.42,3.5,0.01,128.35,5.71,,0,0,0,601127
sh601600,中国铝业,💰大战场,6670000000.0,0.57,3.64,-0.07,14.05,28.08,,0,0,0,601600
sz002837,英维克,💰大战场,6566000000.0,1.95,7.42,-1.79,104.5,10.7,,0,0,0,002837
sh600895,张江高科,💰大战场,6533000000.0,5.19,9.23,1.03,46.83,21.51,,0,0,0,600895
sz000559,万向钱潮,F佬/万向钱潮(机器人中军/优于天奇) # 复盘：侧面印证天奇不如万向/💰大战场,6495999999.999999,-1.49,10.84,-3.26,17.82,53.09,,0,0,0,000559
sh601888,中国中免,F佬/中国中免(免税中军/防守) # 复盘未提及，维持原判/💰大战场,6454000000.000001,3.11,3.55,0.01,93.41,2.55,,0,0,0,601888
sz002565,顺灏股份,💰大战场,6266000000.0,5.53,31.35,-3.74,19.46,23.95,,0,0,0,002565
sh600089,特变电工,💰大战场,6257000000.0,2.8,5.12,0.76,24.19,7.7,,0,0,0,600089
sz300433,蓝思科技,💰大战场,6214000000.0,0.24,3.7,1.09,34.01,17.76,,0,0,0,300433
sz300394,天孚通信,💰大战场,6120000000.0,0.21,3.89,1.61,202.18,-9.34,,0,0,0,300394
sz300450,先导智能,💰大战场,5585000000.0,0.16,6.46,0.02,55.09,14.37,,0,0,0,300450
sz002792,通宇通讯,1板/卫星/低空/航天/💰大战场,5496000000.0,10.01,32.34,-0.76,52.1,47.38,,0,0,0,002792
sz002639,雪人集团,1板/💰大战场,5207000000.0,10.02,38.0,-1.15,21.96,13.02,,0,0,0,002639
sz300442,润泽科技,💰大战场,5070000000.0,5.12,5.23,0.92,60.58,20.8,,0,0,0,300442
sz002471,中超控股,F佬/中超控股(核聚变/没做T/有点蠢) # 复盘：自我检讨没做T/💰大战场,4880000000.0,1.84,43.5,0.0,8.3,51.46,,0,0,0,002471
sz002703,浙江世宝,首板/炸板/反包预期/💰大战场,4831000000.0,3.92,32.22,10.02,24.9,34.67,,0,0,0,002703
sz300548,长芯博创,💰大战场,4793000000.0,6.57,12.67,1.37,142.98,-8.91,,0,0,0,300548
sz300456,赛微电子,💰大战场,4597000000.0,3.1,14.36,-0.32,54.82,-9.31,,0,0,0,300456
sz002920,德赛西威,💰大战场,4269000000.0,0.13,5.51,1.89,137.57,8.75,,0,0,0,002920
sz000426,兴业银锡,💰大战场,4194000000.0,4.59,5.56,1.76,42.14,16.6,,0,0,0,000426
sh688521,芯原股份,💰大战场,4185000000.0,2.31,5.26,2.82,152.24,18.11,,0,0,0,688521
sh688766,普冉股份,首板/炸板/反包预期/💰大战场,4015999999.9999995,11.92,14.43,20.0,183.0,45.54,,0,0,0,688766
sh688347,华虹公司,💰大战场,3877000000.0000005,4.59,7.74,4.09,125.37,19.88,,0,0,0,688347
sh600418,江淮汽车,💰大战场,3872999999.9999995,2.33,3.44,-1.49,51.42,6.97,,0,0,0,600418
sz002409,雅克科技,首板/炸板/反包预期/💰大战场,3853000000.0,8.05,13.73,6.07,88.63,20.36,,0,0,0,002409
sh688525,佰维存储,存储/💰大战场,3840000000.0,2.45,6.26,8.4,128.98,19.75,,0,0,0,688525
sh600010,包钢股份,💰大战场,3832000000.0,2.38,4.75,1.59,2.58,7.5,,0,0,0,600010
sz002555,三七互娱,💰大战场,3697000000.0,0.98,8.59,1.59,26.67,19.17,,0,0,0,002555
sz300620,光库科技,💰大战场,3634000000.0000005,3.58,9.65,0.13,155.26,-1.96,,0,0,0,300620
sh601727,上海电气,💰大战场,3629000000.0,3.19,3.19,0.0,9.07,7.46,,0,0,0,601727
sh688205,德科立,首板/🔥20cm/💰大战场,3544000000.0,14.23,15.27,0.0,158.78,3.03,,0,0,0,688205
sz000657,中钨高新,💰大战场,3534000000.0000005,7.67,7.88,0.94,32.0,7.96,,0,0,0,000657
sh688498,源杰科技,💰大战场,3367000000.0,8.47,5.84,2.94,700.7,9.66,,0,0,0,688498
sh600276,恒瑞医药,💰大战场,3364000000.0,1.25,0.82,-0.08,63.85,4.79,,0,0,0,600276
sh600183,生益科技,💰大战场,3294000000.0,0.49,1.91,-1.44,72.4,10.42,,0,0,0,600183
sz002865,钧达股份,首板/炸板/反包预期/💰大战场,3290999999.9999995,7.47,24.41,-1.67,62.3,25.86,,0,0,0,002865
sh600410,华胜天成,💰大战场,3274000000.0,1.63,15.89,-0.27,18.75,9.71,,0,0,0,600410
sh600855,航天长峰,航天/💰大战场,3271000000.0,3.1,27.01,0.0,26.24,40.62,,0,0,0,600855
sz002549,凯美特气,💰大战场,3263000000.0000005,4.04,20.28,1.97,23.2,6.37,,0,0,0,002549
sh600893,航发动力,💰大战场,3242000000.0,3.05,2.87,-0.85,42.61,10.36,,0,0,0,600893
sz300236,上海新阳,首板/💰大战场,3239000000.0,9.9,15.27,3.5,77.96,17.41,,0,0,0,300236
sz002405,四维图新,💰大战场,3213000000.0000005,2.87,13.1,0.69,10.38,15.08,,0,0,0,002405
sz002281,光迅科技,💰大战场,3174000000.0,2.45,5.68,1.63,71.18,1.34,,0,0,0,002281
sz000333,美的集团,💰大战场,3174000000.0,0.67,0.59,0.19,79.37,0.27,,0,0,0,000333
sz300260,新莱应材,💰大战场,3168000000.0,5.86,18.01,1.89,61.59,12.02,,0,0,0,300260
sz002335,科华数据,💰大战场,3167000000.0,5.17,11.61,-0.53,61.27,14.42,,0,0,0,002335
sh600021,上海电力,💰大战场,3077000000.0,4.33,5.04,-0.1,21.69,10.21,,0,0,0,600021
sz300576,容大感光,💰大战场,3009000000.0,9.75,29.3,5.89,44.57,9.37,,0,0,0,300576
sz002945,华林证券,首板/炸板/反包预期/💰大战场,2994000000.0,5.38,5.76,5.66,18.8,31.01,,0,0,0,002945
sz002851,麦格米特,💰大战场,2991000000.0,7.92,6.67,-0.29,99.58,15.39,,0,0,0,002851
sz002222,福晶科技,首板/炸板/反包预期/💰大战场,2976000000.0,5.42,10.3,-0.02,61.31,2.37,,0,0,0,002222
sh600330,天通股份,💰大战场,2965000000.0,7.67,18.1,0.08,13.61,13.42,,0,0,0,600330
sh601336,新华保险,💰大战场,2965000000.0,1.88,1.73,-0.37,82.32,14.97,,0,0,0,601336
sh600363,联创光电,💰大战场,2958000000.0,1.73,9.29,-1.54,70.15,20.55,,0,0,0,600363
sh600392,盛和资源,💰大战场,2930000000.0,2.99,7.23,1.56,23.07,8.16,,0,0,0,600392
sz300337,银邦股份,💰大战场,2883000000.0,2.58,23.61,-6.53,17.9,39.52,,0,0,0,300337
sz002916,深南电路,💰大战场,2858000000.0,4.25,1.77,0.32,244.3,8.1,,0,0,0,002916
sz002735,王子新材,首板/炸板/反包预期/💰大战场,2823000000.0,5.95,49.11,-0.78,20.31,14.17,,0,0,0,002735
sh600487,亨通光电,💰大战场,2817000000.0,1.34,4.61,0.16,24.92,-4.67,,0,0,0,600487
sz002428,云南锗业,💰大战场,2794000000.0,3.63,13.06,2.47,33.1,13.78,,0,0,0,002428
sz002383,合众思壮,首板/炸板/反包预期/💰大战场,2781000000.0,5.22,26.03,4.99,14.12,29.42,,0,0,0,002383
sz300570,太辰光,💰大战场,2710000000.0,2.37,11.81,1.18,118.88,-0.47,,0,0,0,300570
sh600219,南山铝业,💰大战场,2654000000.0,2.82,3.99,0.53,5.83,20.95,,0,0,0,600219
sh600549,厦门钨业,💰大战场,2622000000.0,3.53,3.79,0.92,44.85,8.49,,0,0,0,600549
sz300331,苏大维格,💰大战场,2611000000.0,5.33,30.97,-2.04,41.9,36.22,,0,0,0,300331
sh601869,长飞光纤,💰大战场,2593000000.0,3.37,5.44,0.55,117.76,-7.31,,0,0,0,601869
sz300567,精测电子,💰大战场,2589000000.0,5.64,10.59,-0.43,109.55,30.42,,0,0,0,300567
sh688809,C强一,首板/💰大战场,2550000000.0,12.55,31.76,7.51,329.77,0.0,,0,0,0,688809
sh688313,仕佳光子,💰大战场,2529000000.0,2.62,6.33,0.88,88.8,-8.84,,0,0,0,688313
sh600501,航天晨光,航天/💰大战场,2525000000.0,3.66,19.01,-3.09,31.18,21.7,,0,0,0,600501
sz002757,南兴股份,F佬/南兴股份(AI智能体/没动/豆包预期) # 复盘：没动，有豆包春晚预期/💰大战场,2510000000.0,-8.28,38.98,-4.29,21.61,36.6,,0,0,0,002757
sh688249,晶合集成,💰大战场,2489000000.0,5.35,5.64,1.84,37.24,3.19,,0,0,0,688249
sh601399,国机重装,1板/💰大战场,2465000000.0,9.98,6.32,-1.0,5.51,-2.13,,0,0,0,601399
sz002400,省广集团,💰大战场,2444000000.0,0.32,15.22,-0.43,9.27,13.06,,0,0,0,002400
sh601208,东材科技,💰大战场,2425000000.0,2.87,8.71,-0.15,27.56,13.84,,0,0,0,601208
sh688396,华润微,💰大战场,2315000000.0,6.23,2.85,2.84,60.51,9.05,,0,0,0,688396
sh603011,合锻智能,💰大战场,2313000000.0,3.86,18.16,-0.08,25.84,13.04,,0,0,0,603011
sh600259,中稀有色,首板/炸板/反包预期/💰大战场,2309000000.0,7.08,11.03,2.04,62.33,11.36,,0,0,0,600259
sh601601,中国太保,💰大战场,2282000000.0,1.14,0.7,-0.4,47.89,15.68,,0,0,0,601601
sh601117,中国化学,💰大战场,2235000000.0,6.32,4.45,0.13,8.24,7.43,,0,0,0,601117
sz002347,泰尔股份,持仓/泰尔股份/💰大战场,2218000000.0,-5.29,35.26,-4.99,12.71,62.53,,0,0,0,002347
sz002364,中恒电气,💰大战场,2215000000.0,5.82,13.89,-1.13,29.1,18.05,,0,0,0,002364
sz300446,航天智造,航天/💰大战场,2214000000.0,4.07,22.98,-1.41,26.6,9.06,,0,0,0,300446
sz300290,荣科科技,📉跌停/博弈修复/💰大战场,2190000000.0,-20.0,14.67,-20.0,23.0,-24.17,,0,0,0,300290
sz002436,兴森科技,💰大战场,2182000000.0,2.11,6.47,0.37,22.31,11.22,,0,0,0,002436
sh600522,中天科技,💰大战场,2151000000.0,0.38,3.42,-0.33,18.33,-7.05,,0,0,0,600522
sz300429,强力新材,💰大战场,2113000000.0,0.89,32.99,2.91,15.94,10.62,,0,0,0,300429
sh688795,摩尔线程-U,💰大战场,2104000000.0,0.58,11.55,-0.81,617.54,-8.24,,0,0,0,688795
sh600550,保变电气,💰大战场,2102000000.0,4.34,9.85,0.54,11.54,13.69,,0,0,0,600550
sh601100,恒立液压,💰大战场,2092000000.0000002,5.75,1.35,-0.63,117.06,8.98,,0,0,0,601100
sh600547,山东黄金,💰大战场,2085000000.0000002,0.27,1.42,0.02,41.09,7.9,,0,0,0,600547
sz300383,光环新网,💰大战场,2082999999.9999998,4.09,8.35,-0.59,14.01,11.54,,0,0,0,300383
sh688629,华丰科技,💰大战场,2072000000.0,1.45,10.84,-0.15,107.5,29.69,,0,0,0,688629
sz300593,新雷能,💰大战场,2038000000.0,5.89,14.25,-0.64,32.89,29.95,,0,0,0,300593
sh600875,东方电气,💰大战场,2030999999.9999998,3.64,3.54,0.45,25.6,9.87,,0,0,0,600875
sz002766,索菱股份,F佬/索菱股份(无人驾驶/身位最好/二选一胜出) # 复盘：无人驾驶身位最好，优于世宝，新开仓/首板/炸板/反包预期,1991000000.0,-3.41,30.49,9.96,7.08,17.61,,0,0,0,002766
sh601179,中国西电,1板,1979000000.0,9.97,3.72,1.04,10.59,13.63,,0,0,0,601179
sh600435,北方导航,2板/军工/卫星,1907999999.9999998,9.99,6.51,8.27,19.82,37.83,,0,0,0,600435
sh600973,宝胜股份,首板/炸板/反包预期,1905000000.0,6.26,17.71,-0.68,7.81,17.27,,0,0,0,600973
sh688503,聚和材料,首板,1837000000.0,11.75,13.18,9.84,70.2,18.58,,0,0,0,688503
sz300430,诚益通,📉跌停/博弈修复,1820000000.0,-11.28,27.77,-2.39,24.55,26.94,,0,0,0,300430
sh600266,城建发展,4板/航天,1607000000.0,9.93,11.52,9.93,6.75,50.0,,0,0,0,600266
sh688233,神工股份,首板,1491000000.0,10.95,11.02,6.89,82.0,23.89,,0,0,0,688233
sz300291,百纳千成,首板/炸板/反包预期/🔥20cm,1385000000.0,15.08,19.55,-1.85,8.09,42.93,,0,0,0,300291
sh688222,成都先导,首板,1343000000.0,13.67,11.1,3.29,30.44,26.68,,0,0,0,688222
sh600838,上海九百,首板/炸板/反包预期,1337000000.0,7.05,26.49,1.95,12.6,9.57,,0,0,0,600838
sh601611,中国核建,1板,1313000000.0,10.01,2.91,-0.93,15.39,19.86,,0,0,0,601611
sh688605,先锋精科,首板,1279000000.0,13.83,16.59,0.68,73.5,22.44,,0,0,0,688605
sz002788,鹭燕医药,2板,1235000000.0,9.99,13.07,5.81,24.99,48.57,,0,0,0,002788
sh688727,恒坤新材,1板/存储/🔥20cm,1222000000.0,19.99,41.79,6.34,62.06,28.49,,0,0,0,688727
sz002929,润建股份,1板/机器人/AI/算力,1220000000.0,9.99,13.2,0.0,44.92,14.8,,0,0,0,002929
sh600226,亨通股份,首板/炸板/反包预期,1218000000.0,5.76,7.36,0.0,5.51,6.37,,0,0,0,600226
sh600869,远东股份,2板/机器人/AI,1183000000.0,9.97,5.55,3.1,9.93,27.14,,0,0,0,600869
sz002218,拓日新能,首板/炸板/反包预期,1143000000.0,5.72,17.68,0.23,4.62,10.53,,0,0,0,002218
sh688331,荣昌生物,首板,1134000000.0,11.13,8.0,0.24,91.24,14.18,,0,0,0,688331
sz002195,岩山科技,3板,1131000000.0,10.02,2.14,10.02,9.44,39.03,,0,0,0,002195
sh688661,和林微纳,首板/🔥20cm,1082000000.0,15.24,11.2,3.86,65.02,23.87,,0,0,0,688661
sh688548,广钢气体,1板/航天/🔥20cm,1036999999.9999999,20.0,8.69,1.13,18.12,36.24,,0,0,0,688548
sz002582,好想你,首板/炸板/反包预期,1031000000.0,-4.25,25.4,10.03,11.26,1.44,,0,0,0,002582
sh600135,乐凯胶片,1板/航天,1008000000.0,9.99,16.73,-2.38,11.56,28.02,,0,0,0,600135
sz002943,宇晶股份,首板/炸板/反包预期,994000000.0,8.61,15.53,0.8,49.96,40.53,,0,0,0,002943
sh600408,安泰集团,1板,931000000.0,9.9,20.9,2.66,4.55,-3.6,,0,0,0,600408
sz003031,中瓷电子,1板,925000000.0,10.0,3.52,0.05,80.63,3.05,,0,0,0,003031
sh600880,博瑞传播,首板/炸板/反包预期,902000000.0,3.37,13.85,-1.07,5.82,16.87,,0,0,0,600880
sh600403,大有能源,1板,863000000.0000001,10.07,4.82,0.7,7.87,11.79,,0,0,0,600403
sh600475,华光环能,1板,858000000.0,9.99,4.52,0.0,20.92,20.23,,0,0,0,600475
sh688662,富信科技,1板/CPO/🔥20cm,848000000.0,20.0,16.58,-0.27,61.73,28.18,,0,0,0,688662
sz300467,迅游科技,首板,848000000.0,13.46,14.46,2.0,34.64,21.76,,0,0,0,300467
sh600986,浙文互联,首板/炸板/反包预期,843000000.0,2.56,6.65,0.85,8.42,14.4,,0,0,0,600986
sz002490,山东墨龙,首板/炸板/反包预期,839000000.0,5.77,20.86,-1.65,7.7,19.01,,0,0,0,002490
sh601106,中国一重,1板,785000000.0,10.1,2.65,0.74,4.47,6.18,,0,0,0,601106
sh688545,兴福电子,首板/🔥20cm,763000000.0,15.65,25.03,2.63,44.85,19.22,,0,0,0,688545
sz002922,伊戈尔,1板,756000000.0,10.01,5.81,5.03,35.62,8.96,,0,0,0,002922
sh603052,可川科技,1板/固态电池/消费电子,751000000.0,9.99,10.38,-1.01,40.41,32.49,,0,0,0,603052
sz002277,友阿股份,1板/机器人,691000000.0,9.94,6.45,0.14,7.85,4.39,,0,0,0,002277
sz000798,中水渔业,1板,668000000.0,9.97,16.02,2.61,11.8,4.42,,0,0,0,000798
sh600198,大唐电信,1板/卫星,643000000.0,10.04,4.71,-0.61,10.74,17.25,,0,0,0,600198
sh688273,麦澜德,📉跌停/博弈修复,631000000.0,-10.39,30.94,-1.99,54.86,53.67,,0,0,0,688273
sz300606,金太阳,首板,614000000.0,11.48,20.49,1.42,25.83,20.59,,0,0,0,300606
sz002842,翔鹭钨业,1板,607000000.0,9.98,14.15,2.0,16.53,20.57,,0,0,0,002842
sz300509,新美星,首板,599000000.0,12.41,16.24,-0.66,15.31,22.77,,0,0,0,300509
sz002796,世嘉科技,1板,594000000.0,9.99,8.81,0.95,31.16,29.35,,0,0,0,002796
sh603037,凯众股份,1板/机器人,586000000.0,9.99,14.31,-0.28,15.86,15.35,,0,0,0,603037
sz002718,友邦吊顶,5板,567000000.0,10.0,21.86,10.0,47.83,57.08,,0,0,0,002718
sz300478,杭州高新,📉跌停/博弈修复,542000000.0,-10.36,14.23,-0.19,28.73,-11.84,,0,0,0,300478
sh601015,陕西黑猫,1板,540000000.0,10.0,6.69,1.35,4.07,9.41,,0,0,0,601015
sh688625,呈和科技,首板,523000000.00000006,12.86,5.59,0.17,51.96,32.89,,0,0,0,688625
sz002774,快意电梯,3板,519000000.00000006,9.97,15.42,-2.05,12.35,33.08,,0,0,0,002774
sh603028,赛福天,1板/机器人,492000000.0,9.98,18.25,0.11,9.7,21.86,,0,0,0,603028
sz002350,北京科锐,首板/炸板/反包预期,466000000.0,5.05,9.97,1.08,8.73,6.72,,0,0,0,002350
sz002631,德尔未来,首板/炸板/反包预期,463000000.0,-0.51,9.54,3.55,5.88,10.73,,0,0,0,002631
sh688651,盛邦安全,1板/卫星/航天/🔥20cm,457000000.0,20.0,28.04,-0.09,54.07,31.27,,0,0,0,688651
sz002677,浙江美大,首板/炸板/反包预期,455999999.99999994,7.04,9.26,1.15,9.27,11.15,,0,0,0,002677
sz002324,普利特,3板/航天,408000000.0,10.03,2.47,10.03,21.29,67.37,,0,0,0,002324
sh688759,必贝特-U,1板/🔥20cm,404000000.0,20.0,21.58,4.32,41.4,41.35,,0,0,0,688759
sz002462,嘉事堂,3板,403000000.0,10.01,7.23,10.01,19.12,22.96,,0,0,0,002462
sh688480,赛恩斯,首板/炸板/反包预期/🔥20cm,387000000.0,14.77,6.59,3.46,62.1,30.3,,0,0,0,688480
sh600053,九鼎投资,1板/机器人,377000000.0,10.0,4.13,0.77,21.56,11.88,,0,0,0,600053
sz002541,鸿路钢构,1板/机器人,366000000.0,9.98,4.08,0.65,18.63,11.42,,0,0,0,002541
sz002864,盘龙药业,1板,356000000.0,10.0,14.24,0.0,34.87,9.17,,0,0,0,002864
sz002853,皮阿诺,1板/AI,344000000.0,10.01,12.26,1.32,22.53,-7.32,,0,0,0,002853
sh688282,理工导航,首板/🔥20cm,331000000.0,15.43,5.65,-0.97,69.95,29.23,,0,0,0,688282
sh688710,益诺思,1板/🔥20cm,317000000.0,20.0,6.58,0.02,55.31,23.02,,0,0,0,688710
sh603015,弘讯科技,1板,286000000.0,10.04,5.11,0.0,14.14,14.03,,0,0,0,603015
sz002627,三峡旅游,1板,272000000.0,9.99,5.04,-0.28,7.82,2.09,,0,0,0,002627
sh688053,ST思科瑞,首板,271000000.0,13.52,6.58,0.45,42.66,18.6,,0,0,0,688053
sz000620,盈新发展,2板/存储,239000000.0,9.9,1.53,9.9,3.33,16.03,,0,0,0,000620
sh603268,*ST松发,2板,185000000.0,5.0,1.63,2.0,92.44,19.9,,0,0,0,603268
sz002592,ST八菱,3板,170000000.0,5.02,6.83,1.75,9.62,37.63,,0,0,0,002592
sh603057,紫燕食品,1板,163000000.0,10.01,1.79,-0.48,22.96,16.67,,0,0,0,603057
sz000635,英 力 特,1板,153000000.0,9.99,5.21,-0.11,9.91,4.54,,0,0,0,000635
sz002519,银河电子,F佬/银河电子(航天/中位辨识度/没动) # 复盘：同雷科，没动/3板/军工,130000000.0,9.95,1.35,9.95,8.62,42.01,,0,0,0,002519
sz003004,*ST声迅,3板,128000000.0,5.02,7.25,5.02,25.94,15.29,,0,0,0,003004
sz000608,*ST阳光,3板,76291500.0,5.17,3.36,5.17,3.05,22.49,,0,0,0,000608
sh603822,ST嘉澳,2板/⚠️流动性差,44544900.0,5.0,0.52,5.0,111.34,21.02,,0,0,0,603822
sz002289,*ST宇顺,2板/⚠️流动性差,29010900.0,5.02,0.34,5.02,30.57,13.64,,0,0,0,002289
sz002931,锋龙股份,9板/机器人/⚠️流动性差,15557200.0,10.01,0.18,10.01,42.2,121.64,,0,0,0,002931
sh600337,美克家居,3板/AI/⚠️流动性差,14757100.0,9.92,0.26,9.92,3.88,30.2,,0,0,0,600337
sh600735,ST新华锦,3板/机器人/⚠️流动性差,8622800.0,4.96,0.37,4.96,5.5,10.22,,0,0,0,600735
sz002868,*ST绿康,3板/⚠️流动性差,4871300.0,5.0,0.08,5.0,39.03,8.18,,0,0,0,002868
sz002713,*ST东易,5板/算力/⚠️流动性差,459500.0,5.05,0.01,5.05,10.4,34.49,,0,0,0,002713
sz000691,*ST亚太,3板/军工/⚠️流动性差,106900.0,5.02,0.0,5.02,8.16,16.52,,0,0,0,000691
sz001267,汇绿生态,首板/炸板/反包预期,0.0,6.57,13.67,0.95,22.4,1.27,,0,0,0,001267
sh600637,东方明珠,1板,0.0,9.99,4.97,5.29,11.01,17.75,,0,0,0,600637
sh605168,三人行,首板/炸板/反包预期,0.0,8.53,8.58,-0.6,43.76,34.4,,0,0,0,605168
sz300806,斯迪克,首板,0.0,12.98,11.79,4.4,35.17,18.98,,0,0,0,300806
sh688037,芯源微,1板/🔥20cm,0.0,20.0,5.31,3.78,190.79,31.58,,0,0,0,688037
sh603687,大胜达,首板/炸板/反包预期,0.0,8.32,8.08,-0.82,10.55,9.1,,0,0,0,603687
sz300200,高盟新材,1板/🔥20cm,0.0,20.03,31.14,2.31,14.56,19.84,,0,0,0,300200
sh600601,方正科技,首板/炸板/反包预期,0.0,5.79,11.27,0.0,13.33,10.81,,0,0,0,600601
sz002112,三变科技,1板,0.0,10.03,16.61,9.96,15.58,15.58,,0,0,0,002112
sh603488,展鹏科技,1板,0.0,9.99,11.61,0.63,8.7,12.26,,0,0,0,603488
sh603650,彤程新材,1板,0.0,10.0,1.96,10.0,51.57,10.95,,0,0,0,603650
sh603655,朗博科技,首板/炸板/反包预期,0.0,8.67,7.21,0.16,41.99,12.51,,0,0,0,603655
sh600673,东阳光,1板,0.0,10.0,3.54,1.52,26.85,20.62,,0,0,0,600673
sh603598,引力传媒,3板,0.0,10.02,8.35,0.49,22.62,37.68,,0,0,0,603598
sh600773,西藏城投,首板/炸板/反包预期,0.0,4.79,4.57,0.38,13.79,9.79,,0,0,0,600773
sh603698,航天工程,F佬/航天工程(化工+航天/盘中手痒/跟随异动) # 复盘：盘中没忍住买的，属化工+航天属性,0.0,-4.85,11.07,-5.3,40.19,42.92,,0,0,0,603698
sh603928,兴业股份,首板/炸板/反包预期,0.0,5.51,12.36,2.12,17.42,4.5,,0,0,0,603928
sh603179,新泉股份,首板/炸板/反包预期,0.0,7.96,4.75,-1.86,81.4,27.23,,0,0,0,603179
sz301079,邵阳液压,1板/🔥20cm,0.0,20.01,48.99,-2.73,41.33,43.06,,0,0,0,301079
sh600589,大位科技,首板/炸板/反包预期,0.0,5.26,28.46,-0.25,8.4,16.18,,0,0,0,600589
sz301293,三博脑科,首板,0.0,10.45,46.31,6.53,93.82,68.62,,0,0,0,301293
sh600783,鲁信创投,持仓/鲁信创投/2板,0.0,10.0,0.67,10.0,26.94,79.36,,0,0,0,600783
sz000859,国风新材,1板,0.0,9.99,7.56,8.4,12.44,29.58,,0,0,0,000859
sz301046,能辉科技,首板,0.0,12.91,12.3,0.0,27.81,11.15,,0,0,0,301046
sh600775,南京熊猫,F佬/南京熊猫(脑机+航天/低位叠加/没动) # 复盘：归类为低位叠加日内强势，没动/3板,0.0,10.01,1.35,10.01,16.26,46.35,,0,0,0,600775
sz300141,和顺电气,首板/炸板/反包预期,0.0,10.37,23.77,5.98,14.58,25.26,,0,0,0,300141
sz001331,胜通能源,2板,0.0,9.99,1.63,9.99,56.03,159.4,,0,0,0,001331
sz002163,海南发展,F佬/海南发展(免税/防守持仓) # 复盘未提及，维持原判,0.0,0.19,18.46,0.24,20.79,30.02,,0,0,0,002163
sz300054,鼎龙股份,首板,0.0,11.27,10.0,4.0,44.83,16.05,,0,0,0,300054
sh605155,西大门,📉跌停/博弈修复,0.0,-9.33,8.13,-0.37,17.0,5.2,,0,0,0,605155
sh603125,常青科技,1板,0.0,9.98,10.84,1.47,18.74,5.7,,0,0,0,603125
sz300118,东方日升,首板,0.0,11.87,24.53,6.45,16.3,25.29,,0,0,0,300118
sz001231,农心科技,持仓/农心科技/📉跌停/博弈修复,0.0,-10.01,22.41,-10.01,27.15,25.69,,0,0,0,001231
sz001400,江顺科技,2板,0.0,10.0,30.65,1.93,93.87,43.91,,0,0,0,001400
sz002146,荣盛发展,1板,0.0,9.94,8.68,1.17,1.88,19.75,,0,0,0,002146
sh603877,太平鸟,1板,0.0,9.98,3.14,0.13,16.31,7.09,,0,0,0,603877
sh600721,百花医药,📉跌停/博弈修复,0.0,-9.97,0.86,-9.97,11.02,9.87,,0,0,0,600721
sz301363,美好医疗,3板/🔥20cm,0.0,20.01,21.44,20.01,41.56,89.0,,0,0,0,301363
sz300986,志特新材,3板/🔥20cm,0.0,20.0,19.9,8.32,19.32,89.97,,0,0,0,300986
sz300940,南极光,首板/🔥20cm,0.0,14.3,15.13,0.27,33.5,1.98,,0,0,0,300940
sh603156,养元饮品,首板/炸板/反包预期,0.0,8.78,1.96,0.28,31.09,18.8,,0,0,0,603156
sh688019,安集科技,首板/🔥20cm,0.0,18.86,5.14,3.04,278.39,31.38,,0,0,0,688019
sh688125,安达智能,1板/🔥20cm,0.0,20.0,2.84,1.02,170.08,78.11,,0,0,0,688125
sh688052,纳芯微,首板,0.0,11.08,4.95,1.49,183.87,22.88,,0,0,0,688052
sz300753,爱朋医疗,📉跌停/博弈修复,0.0,-11.11,44.91,-3.43,35.52,32.29,,0,0,0,300753
sz002009,天奇股份,F佬/天奇股份(机器人/表现不佳/不如五洲万向) # 复盘：新开仓但评价不高，感觉做坏了,0.0,3.92,30.48,0.05,21.73,36.75,sz002931,0,0,0,002009
sh603601,再升科技,F佬/再升科技(博弈出狱/早了点/高位横盘) # 复盘：新开仓，博弈出狱，感觉买早了,0.0,-3.1,18.88,-5.17,13.11,20.28,,0,0,0,603601
sz301256,华融化学,1板/🔥20cm,0.0,20.03,6.83,3.95,17.32,16.63,,0,0,0,301256
sz001208,华菱线缆,首板/炸板/反包预期,0.0,6.69,49.69,-4.21,25.83,22.82,,0,0,0,001208
sh603269,海鸥股份,首板/炸板/反包预期,0.0,8.12,17.03,1.64,13.85,11.51,,0,0,0,603269
sh688123,聚辰股份,首板,0.0,10.22,13.9,13.14,151.0,20.95,,0,0,0,688123
sz300919,中伟股份,首板,0.0,11.97,5.33,3.94,57.15,37.61,,0,0,0,300919
sz301073,君亭酒店,首板,0.0,10.77,11.22,0.39,28.49,2.85,,0,0,0,301073
sz301330,熵基科技,📉跌停/博弈修复,0.0,-9.81,31.26,-7.23,42.92,48.31,,0,0,0,301330
sh603916,苏博特,首板/炸板/反包预期,0.0,4.98,7.64,0.0,10.32,7.5,,0,0,0,603916
sz001259,利仁科技,首板/炸板/反包预期,0.0,-1.5,8.73,0.41,28.92,-2.49,,0,0,0,001259
sz300655,晶瑞电材,首板,0.0,9.85,22.23,4.75,19.19,10.35,,0,0,0,300655
sh603568,伟明环保,首板/炸板/反包预期,0.0,3.31,1.06,1.65,26.22,5.47,,0,0,0,603568
sh603516,淳中科技,1板,0.0,10.0,3.9,0.15,252.62,23.79,,0,0,0,603516
sh605303,园林股份,1板,0.0,9.99,5.63,1.52,19.48,7.15,,0,0,0,605303
sz002173,创新医疗,F佬/创新医疗(脑机龙头/暂时没动/等分歧) # 复盘：暂时没到参与时候，等分歧日/3板,0.0,9.99,2.44,9.99,28.63,32.73,,0,0,0,002173
sh603683,晶华新材,首板/炸板/反包预期,0.0,5.62,7.47,0.67,26.86,-3.03,,0,0,0,603683
sh688020,方邦股份,首板,0.0,12.57,8.22,0.0,82.48,18.57,,0,0,0,688020
sz301213,观想科技,1板/🔥20cm,0.0,20.0,3.51,20.0,82.86,22.47,,0,0,0,301213
sh688068,热景生物,首板,0.0,11.62,3.66,-0.29,192.54,14.6,,0,0,0,688068
sh603726,朗迪集团,首板/炸板/反包预期,0.0,6.99,11.74,1.28,25.09,13.94,,0,0,0,603726
sh603356,华菱精工,1板,0.0,9.99,5.77,0.0,15.64,8.91,,0,0,0,603356
sz002151,北斗星通,F佬/北斗星通(卫星/低位叠加/没做T有点蠢) # 复盘：自我检讨没做T/首板/炸板/反包预期,0.0,4.97,33.31,6.97,57.7,58.39,,0,0,0,002151
sz301021,英诺激光,首板,0.0,12.31,12.55,-0.02,54.37,24.76,,0,0,0,301021
sh603667,五洲新春,持仓/五洲新春,0.0,-2.44,22.09,-3.25,75.6,49.26,,0,0,0,603667
sz000905,厦门港务,1板,0.0,10.02,9.58,1.16,14.17,5.51,,0,0,0,000905
sz300745,欣锐科技,首板,0.0,13.28,14.94,-0.37,30.8,23.89,,0,0,0,300745
sh605288,凯迪股份,1板,0.0,10.0,2.81,-0.83,96.49,17.73,,0,0,0,605288
sh688031,星环科技-U,首板,0.0,11.37,17.78,13.27,140.68,46.73,,0,0,0,688031
